"district","major","party"
"1","01.01","2"
"1","01.01","3"
"1","01.01","5"
"1","01.01","8"
"1","01.01","10"
"1","01.01","17"
"1","01.01","37"
"1","01.01","38"
"1","01.01","39"
"1","01.01","41"
"2","02.02","2"
"2","02.02","3"
"2","02.02","5"
"2","02.02","10"
"2","02.02","17"
"2","02.02","27"
"2","02.02","37"
"2","02.02","38"
"2","02.02","39"
"2","02.02","41"
"2","02.03","2"
"2","02.03","3"
"2","02.03","5"
"2","02.03","8"
"2","02.03","10"
"2","02.03","17"
"2","02.03","20"
"2","02.03","27"
"2","02.03","38"
"2","02.03","41"
"3","03.04","2"
"3","03.04","3"
"3","03.04","5"
"3","03.04","8"
"3","03.04","17"
"3","03.04","20"
"3","03.04","27"
"3","03.04","37"
"3","03.04","38"
"3","03.04","39"
"3","03.04","41"
"3","03.05","2"
"3","03.05","3"
"3","03.05","5"
"3","03.05","8"
"3","03.05","10"
"3","03.05","17"
"3","03.05","20"
"3","03.05","27"
"3","03.05","38"
"3","03.05","39"
"3","03.05","41"
"3","03.05","43"
"3","03.06","2"
"3","03.06","3"
"3","03.06","5"
"3","03.06","8"
"3","03.06","17"
"3","03.06","20"
"3","03.06","27"
"3","03.06","38"
"3","03.06","39"
"3","03.06","41"
"4","04.07","2"
"4","04.07","3"
"4","04.07","5"
"4","04.07","8"
"4","04.07","17"
"4","04.07","20"
"4","04.07","27"
"4","04.07","37"
"4","04.07","38"
"4","04.07","39"
"4","04.07","41"
"5","05.08","2"
"5","05.08","3"
"5","05.08","5"
"5","05.08","8"
"5","05.08","15"
"5","05.08","27"
"5","05.08","37"
"5","05.08","38"
"5","05.08","39"
"5","05.08","41"
"5","05.09","2"
"5","05.09","3"
"5","05.09","5"
"5","05.09","10"
"5","05.09","27"
"5","05.09","37"
"5","05.09","38"
"5","05.09","39"
"5","05.09","41"
"5","05.10","2"
"5","05.10","3"
"5","05.10","5"
"5","05.10","8"
"5","05.10","27"
"5","05.10","39"
"5","05.10","41"
"6","06.11","2"
"6","06.11","3"
"6","06.11","5"
"6","06.11","8"
"6","06.11","10"
"6","06.11","27"
"6","06.11","39"
"6","06.11","41"
"6","06.12","2"
"6","06.12","3"
"6","06.12","5"
"6","06.12","8"
"6","06.12","10"
"6","06.12","27"
"6","06.12","37"
"6","06.12","39"
"6","06.12","41"
"6","06.13","2"
"6","06.13","5"
"6","06.13","8"
"6","06.13","10"
"6","06.13","27"
"6","06.13","39"
"6","06.13","41"
"6","06.13","43"
"6","06.14","2"
"6","06.14","3"
"6","06.14","5"
"6","06.14","8"
"6","06.14","10"
"6","06.14","20"
"6","06.14","27"
"6","06.14","37"
"6","06.14","38"
"6","06.14","39"
"6","06.14","41"
"7","07.15","2"
"7","07.15","3"
"7","07.15","5"
"7","07.15","8"
"7","07.15","17"
"7","07.15","20"
"7","07.15","27"
"7","07.15","28"
"7","07.15","37"
"7","07.15","39"
"7","07.15","41"
"8","08.16","2"
"8","08.16","3"
"8","08.16","5"
"8","08.16","8"
"8","08.16","10"
"8","08.16","17"
"8","08.16","20"
"8","08.16","27"
"8","08.16","38"
"8","08.16","39"
"8","08.16","41"
"8","08.16","43"
"8","08.17","2"
"8","08.17","3"
"8","08.17","5"
"8","08.17","8"
"8","08.17","17"
"8","08.17","20"
"8","08.17","38"
"8","08.17","39"
"8","08.17","41"
"9","09.18","2"
"9","09.18","3"
"9","09.18","5"
"9","09.18","8"
"9","09.18","17"
"9","09.18","27"
"9","09.18","37"
"9","09.18","39"
"9","09.18","41"
"9","09.19","2"
"9","09.19","3"
"9","09.19","5"
"9","09.19","8"
"9","09.19","10"
"9","09.19","17"
"9","09.19","27"
"9","09.19","37"
"9","09.19","39"
"9","09.19","41"
"9","09.20","2"
"9","09.20","3"
"9","09.20","5"
"9","09.20","8"
"9","09.20","17"
"9","09.20","27"
"9","09.20","37"
"9","09.20","39"
"9","09.20","41"
"9","09.21","2"
"9","09.21","3"
"9","09.21","5"
"9","09.21","8"
"9","09.21","10"
"9","09.21","17"
"9","09.21","20"
"9","09.21","27"
"9","09.21","37"
"9","09.21","39"
"9","09.21","41"
"10","10.22","2"
"10","10.22","3"
"10","10.22","5"
"10","10.22","8"
"10","10.22","9"
"10","10.22","10"
"10","10.22","17"
"10","10.22","20"
"10","10.22","27"
"10","10.22","38"
"10","10.22","39"
"10","10.22","41"
"10","10.23","2"
"10","10.23","3"
"10","10.23","5"
"10","10.23","8"
"10","10.23","10"
"10","10.23","17"
"10","10.23","27"
"10","10.23","37"
"10","10.23","38"
"10","10.23","39"
"10","10.23","41"
"10","10.24","2"
"10","10.24","3"
"10","10.24","5"
"10","10.24","8"
"10","10.24","10"
"10","10.24","27"
"10","10.24","37"
"10","10.24","39"
"10","10.24","41"
"10","10.25","2"
"10","10.25","3"
"10","10.25","5"
"10","10.25","8"
"10","10.25","10"
"10","10.25","27"
"10","10.25","39"
"10","10.25","41"
"11","11.01","2"
"11","11.01","5"
"11","11.01","8"
"11","11.01","41"
"11","11.01","42"
"11","11.02","2"
"11","11.02","5"
"11","11.02","8"
"11","11.02","41"
"11","11.03","2"
"11","11.03","5"
"11","11.03","8"
"11","11.03","41"
"11","11.03","42"
"11","11.04","2"
"11","11.04","3"
"11","11.04","5"
"11","11.04","8"
"11","11.04","41"
"11","11.05","2"
"11","11.05","3"
"11","11.05","5"
"11","11.05","8"
"11","11.05","41"
"11","11.06","2"
"11","11.06","5"
"11","11.06","8"
"11","11.06","41"
"11","11.07.01","2"
"11","11.07.01","3"
"11","11.07.01","5"
"11","11.07.01","8"
"11","11.07.01","41"
"11","11.07.02","2"
"11","11.07.02","3"
"11","11.07.02","5"
"11","11.07.02","8"
"11","11.07.02","38"
"11","11.07.02","41"
"11","11.08","2"
"11","11.08","3"
"11","11.08","5"
"11","11.08","8"
"11","11.08","41"
"11","11.08","42"
"11","11.09","2"
"11","11.09","5"
"11","11.09","8"
"11","11.09","41"
"11","11.10","2"
"11","11.10","5"
"11","11.10","8"
"11","11.10","41"
"11","11.11","2"
"11","11.11","5"
"11","11.11","8"
"11","11.11","41"
"11","11.12","2"
"11","11.12","5"
"11","11.12","8"
"11","11.12","41"
"11","11.13","2"
"11","11.13","3"
"11","11.13","5"
"11","11.13","8"
"11","11.13","41"
"11","11.14","2"
"11","11.14","3"
"11","11.14","5"
"11","11.14","8"
"11","11.14","41"
"11","11.15","2"
"11","11.15","5"
"11","11.15","41"
"11","11.16","2"
"11","11.16","3"
"11","11.16","5"
"11","11.16","8"
"11","11.16","10"
"11","11.16","41"
"11","11.17","2"
"11","11.17","5"
"11","11.17","41"
"11","11.17","42"
"11","11.18","2"
"11","11.18","5"
"11","11.18","41"
"11","11.19","2"
"11","11.19","3"
"11","11.19","5"
"11","11.19","41"
"11","11.20","5"
"11","11.20","41"
"11","11.21","2"
"11","11.21","3"
"11","11.21","5"
"11","11.21","8"
"11","11.21","41"
"12","12.01","2"
"12","12.01","5"
"12","12.01","41"
"12","12.02","2"
"12","12.02","5"
"12","12.02","41"
"12","12.03","2"
"12","12.03","5"
"12","12.03","8"
"12","12.03","9"
"12","12.03","41"
"12","12.04","2"
"12","12.04","3"
"12","12.04","5"
"12","12.04","8"
"12","12.04","41"
"12","12.05","2"
"12","12.05","5"
"12","12.05","8"
"12","12.05","41"
"12","12.06","2"
"12","12.06","5"
"12","12.06","8"
"12","12.06","37"
"12","12.06","41"
"12","12.06","43"
"12","12.07","2"
"12","12.07","5"
"12","12.07","8"
"12","12.07","41"
"12","12.08","2"
"12","12.08","5"
"12","12.08","8"
"12","12.08","41"
"12","12.08","43"
"12","12.09.01","2"
"12","12.09.01","3"
"12","12.09.01","5"
"12","12.09.01","8"
"12","12.09.01","9"
"12","12.09.01","10"
"12","12.09.01","41"
"12","12.09.02","2"
"12","12.09.02","3"
"12","12.09.02","5"
"12","12.09.02","8"
"12","12.09.02","9"
"12","12.09.02","41"
"12","12.10","2"
"12","12.10","5"
"12","12.10","8"
"12","12.10","41"
"12","12.10","43"
"12","12.11","2"
"12","12.11","8"
"12","12.11","41"
"12","12.12","2"
"12","12.12","3"
"12","12.12","5"
"12","12.12","8"
"12","12.12","9"
"12","12.12","41"
"12","12.13","2"
"12","12.13","5"
"12","12.13","8"
"12","12.13","9"
"12","12.13","41"
"12","12.14","2"
"12","12.14","5"
"12","12.14","9"
"12","12.14","41"
"12","12.15","2"
"12","12.15","5"
"12","12.15","8"
"12","12.15","41"
"12","12.16","2"
"12","12.16","5"
"12","12.16","8"
"12","12.16","41"
"12","12.17","2"
"12","12.17","8"
"12","12.17","41"
"12","12.18","2"
"12","12.18","5"
"12","12.18","8"
"12","12.18","9"
"12","12.18","41"
"12","12.19","2"
"12","12.19","8"
"12","12.19","9"
"12","12.19","41"
"12","12.20","2"
"12","12.20","41"
"12","12.21","2"
"12","12.21","8"
"12","12.21","41"
"12","12.22","2"
"12","12.22","5"
"12","12.22","41"
"12","12.22","43"
"12","12.23","2"
"12","12.23","5"
"12","12.23","10"
"12","12.23","41"
"13","13.01","2"
"13","13.01","5"
"13","13.01","8"
"13","13.01","10"
"13","13.01","22"
"13","13.01","41"
"13","13.02","2"
"13","13.02","5"
"13","13.02","8"
"13","13.02","10"
"13","13.02","41"
"13","13.03","2"
"13","13.03","5"
"13","13.03","8"
"13","13.03","10"
"13","13.03","41"
"13","13.04","2"
"13","13.04","3"
"13","13.04","5"
"13","13.04","8"
"13","13.04","10"
"13","13.04","41"
"13","13.05","2"
"13","13.05","5"
"13","13.05","8"
"13","13.05","10"
"13","13.05","41"
"13","13.06","2"
"13","13.06","5"
"13","13.06","8"
"13","13.06","10"
"13","13.06","41"
"13","13.07","2"
"13","13.07","5"
"13","13.07","8"
"13","13.07","10"
"13","13.07","41"
"13","13.08","2"
"13","13.08","5"
"13","13.08","10"
"13","13.08","41"
"13","13.09","2"
"13","13.09","5"
"13","13.09","8"
"13","13.09","10"
"13","13.09","41"
"13","13.10","2"
"13","13.10","5"
"13","13.10","8"
"13","13.10","10"
"13","13.10","41"
"13","13.11","2"
"13","13.11","5"
"13","13.11","8"
"13","13.11","10"
"13","13.11","41"
"13","13.12","2"
"13","13.12","5"
"13","13.12","8"
"13","13.12","10"
"13","13.12","41"
"13","13.13","2"
"13","13.13","5"
"13","13.13","8"
"13","13.13","10"
"13","13.13","41"
"13","13.14","2"
"13","13.14","5"
"13","13.14","41"
"14","14.01.01","2"
"14","14.01.01","3"
"14","14.01.01","5"
"14","14.01.01","41"
"14","14.01.02","2"
"14","14.01.02","3"
"14","14.01.02","5"
"14","14.01.02","8"
"14","14.01.02","41"
"14","14.02","2"
"14","14.02","5"
"14","14.02","8"
"14","14.02","41"
"14","14.03","2"
"14","14.03","8"
"14","14.03","41"
"14","14.04","2"
"14","14.04","5"
"14","14.04","8"
"14","14.04","41"
"14","14.05","2"
"14","14.05","3"
"14","14.05","5"
"14","14.05","6"
"14","14.05","41"
"14","14.06","2"
"14","14.06","8"
"14","14.06","41"
"14","14.07","2"
"14","14.07","3"
"14","14.07","5"
"14","14.07","8"
"14","14.07","41"
"14","14.08","2"
"14","14.08","3"
"14","14.08","5"
"14","14.08","8"
"14","14.08","41"
"14","14.09","2"
"14","14.09","5"
"14","14.09","8"
"14","14.09","41"
"14","14.10","5"
"14","14.10","41"
"14","14.11","3"
"14","14.11","5"
"14","14.11","6"
"14","14.11","8"
"14","14.11","41"
"14","14.12","2"
"14","14.12","3"
"14","14.12","5"
"14","14.12","8"
"14","14.12","41"
"15","15.01.01","2"
"15","15.01.01","3"
"15","15.01.01","5"
"15","15.01.01","37"
"15","15.01.01","41"
"15","15.01.01","42"
"15","15.01.02","2"
"15","15.01.02","3"
"15","15.01.02","5"
"15","15.01.02","8"
"15","15.01.02","41"
"15","15.02","2"
"15","15.02","41"
"15","15.02","42"
"15","15.03","2"
"15","15.03","3"
"15","15.03","5"
"15","15.03","8"
"15","15.03","37"
"15","15.03","41"
"15","15.03","42"
"15","15.04","2"
"15","15.04","5"
"15","15.04","8"
"15","15.04","41"
"15","15.04","42"
"15","15.05","2"
"15","15.05","3"
"15","15.05","5"
"15","15.05","8"
"15","15.05","41"
"15","15.06","2"
"15","15.06","5"
"15","15.06","8"
"15","15.06","41"
"15","15.06","42"
"15","15.07","2"
"15","15.07","3"
"15","15.07","5"
"15","15.07","37"
"15","15.07","41"
"15","15.08","5"
"15","15.08","41"
"15","15.08","42"
"15","15.09","2"
"15","15.09","5"
"15","15.09","8"
"15","15.09","41"
"15","15.09","42"
"15","15.10","2"
"15","15.10","3"
"15","15.10","5"
"15","15.10","41"
"15","15.11","2"
"15","15.11","5"
"15","15.11","8"
"15","15.11","41"
"15","15.11","42"
"15","15.12","2"
"15","15.12","41"
"15","15.12","42"
"15","15.13","2"
"15","15.13","5"
"15","15.13","41"
"15","15.14","2"
"15","15.14","3"
"15","15.14","5"
"15","15.14","8"
"15","15.14","41"
"15","15.14","42"
"15","15.15","2"
"15","15.15","5"
"15","15.15","41"
"15","15.15","42"
"16","16.01.01","2"
"16","16.01.01","5"
"16","16.01.01","8"
"16","16.01.01","41"
"16","16.01.02","2"
"16","16.01.02","3"
"16","16.01.02","5"
"16","16.01.02","8"
"16","16.01.02","41"
"16","16.02","5"
"16","16.02","8"
"16","16.02","41"
"16","16.03","10"
"16","16.03","41"
"16","16.04","2"
"16","16.04","5"
"16","16.04","8"
"16","16.04","41"
"16","16.05","2"
"16","16.05","5"
"16","16.05","8"
"16","16.05","41"
"16","16.05","42"
"16","16.05","43"
"16","16.06","2"
"16","16.06","5"
"16","16.06","8"
"16","16.07","5"
"16","16.07","8"
"16","16.07","41"
"16","16.08","2"
"16","16.08","5"
"16","16.08","41"
"16","16.09","2"
"16","16.09","3"
"16","16.09","5"
"16","16.09","8"
"16","16.09","41"
"16","16.10","2"
"16","16.10","5"
"16","16.10","41"
"16","16.11","2"
"16","16.11","5"
"16","16.11","8"
"16","16.11","41"
"17","17.01.01","2"
"17","17.01.01","6"
"17","17.01.01","10"
"17","17.01.01","20"
"17","17.01.01","41"
"17","17.01.01","42"
"17","17.01.02","2"
"17","17.01.02","5"
"17","17.01.02","10"
"17","17.01.02","41"
"17","17.01.03","2"
"17","17.01.03","5"
"17","17.01.03","8"
"17","17.01.03","41"
"17","17.02","2"
"17","17.02","5"
"17","17.02","8"
"17","17.02","10"
"17","17.02","20"
"17","17.02","41"
"17","17.03","2"
"17","17.03","5"
"17","17.03","41"
"17","17.04","2"
"17","17.04","5"
"17","17.04","10"
"17","17.04","20"
"17","17.04","41"
"17","17.05","2"
"17","17.05","5"
"17","17.05","41"
"17","17.05","42"
"17","17.06","2"
"17","17.06","5"
"17","17.06","41"
"17","17.07","2"
"17","17.07","3"
"17","17.07","5"
"17","17.07","10"
"17","17.07","41"
"17","17.08","2"
"17","17.08","3"
"17","17.08","5"
"17","17.08","8"
"17","17.08","20"
"17","17.08","41"
"17","17.09","2"
"17","17.09","5"
"17","17.09","10"
"17","17.09","20"
"17","17.09","27"
"17","17.09","41"
"17","17.10","2"
"17","17.10","3"
"17","17.10","5"
"17","17.10","8"
"17","17.10","10"
"17","17.10","41"
"17","17.11","2"
"17","17.11","5"
"17","17.11","10"
"17","17.11","41"
"17","17.12","2"
"17","17.12","5"
"17","17.12","8"
"17","17.12","41"
"17","17.13","2"
"17","17.13","5"
"17","17.13","10"
"17","17.13","41"
"17","17.14","2"
"17","17.14","5"
"17","17.14","8"
"17","17.14","10"
"17","17.14","41"
"17","17.15","2"
"17","17.15","5"
"17","17.15","10"
"17","17.15","20"
"17","17.15","41"
"17","17.16","2"
"17","17.16","5"
"17","17.16","8"
"17","17.16","10"
"17","17.16","41"
"17","17.16","42"
"17","17.17","2"
"17","17.17","5"
"17","17.17","8"
"17","17.17","20"
"17","17.17","41"
"17","17.18","2"
"17","17.18","5"
"17","17.18","10"
"17","17.18","41"
"18","18.01.01","2"
"18","18.01.01","3"
"18","18.01.01","5"
"18","18.01.01","8"
"18","18.01.01","10"
"18","18.01.01","41"
"18","18.01.02","2"
"18","18.01.02","5"
"18","18.01.02","8"
"18","18.01.02","10"
"18","18.01.02","41"
"18","18.01.02","42"
"18","18.02","2"
"18","18.02","39"
"18","18.02","41"
"18","18.02","42"
"18","18.03","2"
"18","18.03","3"
"18","18.03","5"
"18","18.03","8"
"18","18.03","10"
"18","18.03","41"
"18","18.03","42"
"18","18.04","2"
"18","18.04","3"
"18","18.04","8"
"18","18.04","41"
"18","18.04","42"
"18","18.05","2"
"18","18.05","5"
"18","18.05","8"
"18","18.05","41"
"18","18.06","2"
"18","18.06","5"
"18","18.06","41"
"18","18.06","42"
"18","18.07","2"
"18","18.07","3"
"18","18.07","5"
"18","18.07","8"
"18","18.07","10"
"18","18.07","41"
"18","18.08","2"
"18","18.08","3"
"18","18.08","5"
"18","18.08","41"
"18","18.09","2"
"18","18.09","3"
"18","18.09","8"
"18","18.09","41"
"18","18.09","42"
"18","18.10","2"
"18","18.10","5"
"18","18.10","8"
"18","18.10","41"
"18","18.11","2"
"18","18.11","5"
"18","18.11","8"
"18","18.11","41"
"18","18.11","42"
"18","18.12","2"
"18","18.12","5"
"18","18.12","8"
"18","18.12","41"
"18","18.12","42"
"18","18.13","2"
"18","18.13","3"
"18","18.13","5"
"18","18.13","10"
"18","18.13","41"
"18","18.13","42"
"18","18.14","2"
"18","18.14","3"
"18","18.14","5"
"18","18.14","41"
"18","18.14","42"
"18","18.15","2"
"18","18.15","3"
"18","18.15","8"
"18","18.15","41"
"19","19.01","3"
"19","19.01","7"
"19","19.01","41"
"19","19.02","7"
"19","19.02","10"
"19","19.02","41"
"19","19.03","3"
"19","19.03","41"
"19","19.04","7"
"19","19.04","41"
"19","19.05","7"
"19","19.05","41"
"19","19.06","7"
"19","19.06","41"
"19","19.07","3"
"19","19.07","7"
"19","19.07","41"
"19","19.08","7"
"19","19.08","8"
"19","19.08","41"
"19","19.09","8"
"19","19.09","41"
"19","19.10","8"
"19","19.10","10"
"19","19.10","41"
"19","19.11","7"
"19","19.11","10"
"19","19.11","41"
"19","19.12","7"
"19","19.12","41"
"20","20.01","2"
"20","20.01","3"
"20","20.01","5"
"20","20.01","8"
"20","20.01","10"
"20","20.01","27"
"20","20.01","28"
"20","20.01","41"
"20","20.02","2"
"20","20.02","3"
"20","20.02","5"
"20","20.02","8"
"20","20.02","10"
"20","20.02","27"
"20","20.02","28"
"20","20.02","38"
"20","20.02","41"
"20","20.03","2"
"20","20.03","3"
"20","20.03","5"
"20","20.03","8"
"20","20.03","10"
"20","20.03","27"
"20","20.03","28"
"20","20.03","37"
"20","20.03","41"
"20","20.04","2"
"20","20.04","3"
"20","20.04","5"
"20","20.04","8"
"20","20.04","10"
"20","20.04","27"
"20","20.04","28"
"20","20.04","41"
"20","20.04","42"
"20","20.04","43"
"20","20.05","2"
"20","20.05","3"
"20","20.05","5"
"20","20.05","8"
"20","20.05","10"
"20","20.05","27"
"20","20.05","28"
"20","20.05","38"
"20","20.05","41"
"20","20.06","2"
"20","20.06","3"
"20","20.06","5"
"20","20.06","8"
"20","20.06","10"
"20","20.06","27"
"20","20.06","28"
"20","20.06","38"
"20","20.06","41"
"20","20.07","2"
"20","20.07","3"
"20","20.07","5"
"20","20.07","8"
"20","20.07","10"
"20","20.07","27"
"20","20.07","28"
"20","20.07","38"
"20","20.07","41"
"20","20.08","2"
"20","20.08","3"
"20","20.08","5"
"20","20.08","8"
"20","20.08","10"
"20","20.08","27"
"20","20.08","41"
"20","20.09","2"
"20","20.09","5"
"20","20.09","8"
"20","20.09","10"
"20","20.09","27"
"20","20.09","28"
"20","20.09","38"
"20","20.09","41"
"20","20.10","2"
"20","20.10","3"
"20","20.10","5"
"20","20.10","8"
"20","20.10","10"
"20","20.10","27"
"20","20.10","28"
"20","20.10","41"
"21","21.01.01","2"
"21","21.01.01","3"
"21","21.01.01","5"
"21","21.01.01","8"
"21","21.01.01","41"
"21","21.01.02","2"
"21","21.01.02","3"
"21","21.01.02","5"
"21","21.01.02","8"
"21","21.01.02","41"
"21","21.01.03","2"
"21","21.01.03","5"
"21","21.01.03","41"
"21","21.02","2"
"21","21.02","3"
"21","21.02","5"
"21","21.02","41"
"21","21.02","42"
"21","21.02","43"
"21","21.03","2"
"21","21.03","5"
"21","21.03","8"
"21","21.03","41"
"21","21.03","42"
"21","21.04","2"
"21","21.04","3"
"21","21.04","5"
"21","21.04","41"
"21","21.05","2"
"21","21.05","5"
"21","21.05","8"
"21","21.05","41"
"21","21.06","2"
"21","21.06","5"
"21","21.06","8"
"21","21.06","41"
"21","21.07","2"
"21","21.07","5"
"21","21.07","8"
"21","21.07","41"
"21","21.08","2"
"21","21.08","3"
"21","21.08","5"
"21","21.08","41"
"21","21.09","2"
"21","21.09","5"
"21","21.09","8"
"21","21.09","41"
"21","21.10","5"
"21","21.10","8"
"21","21.10","41"
"21","21.10","42"
"21","21.11","2"
"21","21.11","3"
"21","21.11","5"
"21","21.11","8"
"21","21.11","10"
"21","21.11","41"
"21","21.12","2"
"21","21.12","5"
"21","21.12","41"
"21","21.13","2"
"21","21.13","3"
"21","21.13","5"
"21","21.13","8"
"21","21.13","41"
"21","21.14","2"
"21","21.14","5"
"21","21.14","8"
"21","21.14","37"
"21","21.14","41"
"21","21.15","2"
"21","21.15","5"
"21","21.15","8"
"21","21.15","41"
"21","21.16","2"
"21","21.16","8"
"21","21.16","41"
"21","21.17","2"
"21","21.17","5"
"21","21.17","8"
"21","21.17","41"
"21","21.17","42"
"21","21.18","2"
"21","21.18","5"
"21","21.18","41"
"21","21.18","42"
"21","21.19","2"
"21","21.19","5"
"21","21.19","8"
"21","21.19","41"
"22","22.01.01","2"
"22","22.01.01","5"
"22","22.01.01","8"
"22","22.01.01","17"
"22","22.01.01","20"
"22","22.01.01","41"
"22","22.01.02","2"
"22","22.01.02","3"
"22","22.01.02","5"
"22","22.01.02","8"
"22","22.01.02","17"
"22","22.01.02","20"
"22","22.01.02","41"
"22","22.01.03","2"
"22","22.01.03","3"
"22","22.01.03","5"
"22","22.01.03","8"
"22","22.01.03","17"
"22","22.01.03","20"
"22","22.01.03","27"
"22","22.01.03","41"
"22","22.02","2"
"22","22.02","3"
"22","22.02","5"
"22","22.02","8"
"22","22.02","17"
"22","22.02","41"
"22","22.03","2"
"22","22.03","5"
"22","22.03","8"
"22","22.03","27"
"22","22.03","41"
"22","22.04","2"
"22","22.04","3"
"22","22.04","8"
"22","22.04","17"
"22","22.04","41"
"22","22.05","2"
"22","22.05","5"
"22","22.05","8"
"22","22.05","41"
"22","22.06","2"
"22","22.06","8"
"22","22.06","41"
"22","22.07","2"
"22","22.07","3"
"22","22.07","5"
"22","22.07","8"
"22","22.07","27"
"22","22.07","41"
"22","22.08","2"
"22","22.08","3"
"22","22.08","5"
"22","22.08","8"
"22","22.08","17"
"22","22.08","27"
"22","22.08","41"
"22","22.09","2"
"22","22.09","3"
"22","22.09","8"
"22","22.09","41"
"22","22.10","2"
"22","22.10","5"
"22","22.10","8"
"22","22.10","27"
"22","22.10","41"
"22","22.11","2"
"22","22.11","3"
"22","22.11","5"
"22","22.11","27"
"22","22.11","41"
"22","22.12","2"
"22","22.12","3"
"22","22.12","5"
"22","22.12","8"
"22","22.12","27"
"22","22.12","41"
"22","22.13","2"
"22","22.13","3"
"22","22.13","5"
"22","22.13","8"
"22","22.13","27"
"22","22.13","41"
"22","22.14","2"
"22","22.14","3"
"22","22.14","5"
"22","22.14","8"
"22","22.14","41"
"22","22.15","2"
"22","22.15","3"
"22","22.15","5"
"22","22.15","8"
"22","22.15","41"
"22","22.16","2"
"22","22.16","5"
"22","22.16","8"
"22","22.16","27"
"22","22.16","41"
"22","22.17","2"
"22","22.17","3"
"22","22.17","41"
"22","22.18","2"
"22","22.18","3"
"22","22.18","8"
"22","22.18","41"
"23","23.01.01","2"
"23","23.01.01","5"
"23","23.01.01","8"
"23","23.01.01","41"
"23","23.01.02","5"
"23","23.01.02","8"
"23","23.01.02","41"
"23","23.02","2"
"23","23.02","8"
"23","23.02","41"
"23","23.03","3"
"23","23.03","5"
"23","23.03","8"
"23","23.03","41"
"23","23.03","42"
"23","23.04","5"
"23","23.04","41"
"23","23.05","41"
"23","23.05","42"
"23","23.06","2"
"23","23.06","5"
"23","23.06","41"
"23","23.07","2"
"23","23.07","5"
"23","23.07","41"
"23","23.08","2"
"23","23.08","3"
"23","23.08","5"
"23","23.08","41"
"23","23.09","2"
"23","23.09","3"
"23","23.09","5"
"23","23.09","8"
"23","23.09","41"
"23","23.10","3"
"23","23.10","5"
"23","23.10","41"
"23","23.11","2"
"23","23.11","5"
"23","23.11","8"
"23","23.11","41"
"23","23.11","42"
"23","23.11","43"
"23","23.12","5"
"23","23.12","8"
"23","23.12","41"
"23","23.13","2"
"23","23.13","5"
"23","23.13","8"
"23","23.13","41"
"23","23.14","5"
"23","23.14","8"
"23","23.14","41"
"24","24.01","2"
"24","24.01","3"
"24","24.01","5"
"24","24.01","8"
"24","24.01","20"
"24","24.01","41"
"24","24.02","2"
"24","24.02","3"
"24","24.02","5"
"24","24.02","8"
"24","24.02","20"
"24","24.02","41"
"24","24.03","2"
"24","24.03","5"
"24","24.03","8"
"24","24.03","41"
"24","24.03","43"
"24","24.04","2"
"24","24.04","5"
"24","24.04","8"
"24","24.04","20"
"24","24.04","41"
"24","24.05","2"
"24","24.05","5"
"24","24.05","8"
"24","24.05","20"
"24","24.05","41"
"24","24.06","2"
"24","24.06","5"
"24","24.06","8"
"24","24.06","41"
"24","24.07","2"
"24","24.07","5"
"24","24.07","41"
"24","24.08","2"
"24","24.08","3"
"24","24.08","5"
"24","24.08","8"
"24","24.08","20"
"24","24.08","41"
"24","24.09","2"
"24","24.09","5"
"24","24.09","8"
"24","24.09","20"
"24","24.09","41"
"24","24.10","5"
"24","24.10","8"
"24","24.10","41"
"24","24.11","2"
"24","24.11","5"
"24","24.11","8"
"24","24.11","41"
"24","24.12","2"
"24","24.12","8"
"24","24.12","20"
"24","24.12","41"
"24","24.13","2"
"24","24.13","3"
"24","24.13","5"
"24","24.13","8"
"24","24.13","20"
"24","24.13","41"
"24","24.14","2"
"24","24.14","5"
"24","24.14","8"
"24","24.14","20"
"24","24.14","41"
"24","24.15","2"
"24","24.15","3"
"24","24.15","5"
"24","24.15","41"
"24","24.16","2"
"24","24.16","5"
"24","24.16","8"
"24","24.16","41"
"25","25.01","2"
"25","25.01","41"
"25","25.02","2"
"25","25.02","5"
"25","25.02","41"
"25","25.03","2"
"25","25.03","3"
"25","25.03","5"
"25","25.03","41"
"25","25.03","42"
"25","25.04","2"
"25","25.04","5"
"25","25.04","8"
"25","25.04","41"
"25","25.05","2"
"25","25.05","5"
"25","25.05","27"
"25","25.05","41"
"25","25.06","2"
"25","25.06","5"
"25","25.06","41"
"25","25.07","2"
"25","25.07","5"
"25","25.07","8"
"25","25.07","27"
"25","25.07","41"
"25","25.08","5"
"25","25.08","41"
"25","25.09","2"
"25","25.09","3"
"25","25.09","5"
"25","25.09","8"
"25","25.09","41"
"25","25.09","42"
"25","25.10","2"
"25","25.10","5"
"25","25.10","8"
"25","25.10","41"
"25","25.11","2"
"25","25.11","5"
"25","25.11","41"
"25","25.12","2"
"25","25.12","5"
"25","25.12","8"
"25","25.12","41"
"25","25.13","2"
"25","25.13","5"
"25","25.13","6"
"25","25.13","8"
"25","25.13","41"
"25","25.13","42"
"25","25.14","2"
"25","25.14","5"
"25","25.14","41"
"25","25.15","2"
"25","25.15","5"
"25","25.15","8"
"25","25.15","41"
"25","25.15","42"
"25","25.16","2"
"25","25.16","5"
"25","25.16","8"
"25","25.16","41"
"25","25.17","2"
"25","25.17","5"
"25","25.17","41"
"25","25.18","2"
"25","25.18","5"
"25","25.18","8"
"25","25.18","41"
"25","25.19","2"
"25","25.19","5"
"25","25.19","8"
"25","25.19","41"
"25","25.20","5"
"25","25.20","41"
"25","25.21","2"
"25","25.21","5"
"25","25.21","8"
"25","25.21","41"
"25","25.22","5"
"25","25.22","8"
"25","25.22","41"
"25","25.23","2"
"25","25.23","3"
"25","25.23","5"
"25","25.23","8"
"25","25.23","41"
"25","25.23","42"
"25","25.24","2"
"25","25.24","5"
"25","25.24","41"
"25","25.25","2"
"25","25.25","3"
"25","25.25","5"
"25","25.25","41"
"25","25.25","42"
"25","25.26","2"
"25","25.26","5"
"25","25.26","8"
"25","25.26","41"
"25","25.27","3"
"25","25.27","5"
"25","25.27","41"
"25","25.28","2"
"25","25.28","5"
"25","25.28","8"
"25","25.28","41"
"25","25.29","2"
"25","25.29","5"
"25","25.29","8"
"25","25.29","41"
"25","25.30","2"
"25","25.30","5"
"25","25.30","8"
"25","25.30","41"
"26","26.01","5"
"26","26.01","8"
"26","26.01","10"
"26","26.01","39"
"26","26.01","41"
"26","26.02","5"
"26","26.02","8"
"26","26.02","41"
"26","26.03","3"
"26","26.03","5"
"26","26.03","8"
"26","26.03","41"
"26","26.03","43"
"26","26.04","5"
"26","26.04","41"
"26","26.05","5"
"26","26.05","10"
"26","26.05","41"
"26","26.06","41"
"26","26.06","43"
"26","26.07","5"
"26","26.07","41"
"26","26.08","8"
"26","26.08","41"
"26","26.09","41"
"26","26.10","5"
"26","26.10","8"
"26","26.10","41"
"26","26.11","3"
"26","26.11","8"
"26","26.11","41"
"26","26.11","43"
"26","26.12","8"
"26","26.12","41"
"26","26.13","3"
"26","26.13","5"
"26","26.13","8"
"26","26.13","10"
"26","26.13","41"
"26","26.14","41"
"26","26.15","41"
"26","26.16","5"
"26","26.16","8"
"26","26.16","41"
"26","26.17","5"
"26","26.17","8"
"26","26.17","39"
"26","26.17","41"
"26","26.18","41"
"26","26.19","3"
"26","26.19","41"
"26","26.20","3"
"26","26.20","5"
"26","26.20","41"
"27","27.01.01","2"
"27","27.01.01","10"
"27","27.01.01","17"
"27","27.01.01","41"
"27","27.01.02","2"
"27","27.01.02","8"
"27","27.01.02","10"
"27","27.01.02","41"
"27","27.02","2"
"27","27.02","5"
"27","27.02","10"
"27","27.02","41"
"27","27.03","8"
"27","27.03","10"
"27","27.03","41"
"27","27.04","2"
"27","27.04","5"
"27","27.04","10"
"27","27.04","41"
"27","27.05","2"
"27","27.05","5"
"27","27.05","8"
"27","27.05","10"
"27","27.05","41"
"27","27.06","2"
"27","27.06","5"
"27","27.06","8"
"27","27.06","10"
"27","27.06","41"
"27","27.07","2"
"27","27.07","8"
"27","27.07","10"
"27","27.07","41"
"27","27.08","2"
"27","27.08","5"
"27","27.08","8"
"27","27.08","10"
"27","27.08","41"
"27","27.09","2"
"27","27.09","3"
"27","27.09","5"
"27","27.09","8"
"27","27.09","10"
"27","27.09","41"
"27","27.10","2"
"27","27.10","8"
"27","27.10","10"
"27","27.10","41"
"27","27.10","42"
"27","27.11","2"
"27","27.11","5"
"27","27.11","8"
"27","27.11","10"
"27","27.11","41"
"27","27.12","2"
"27","27.12","5"
"27","27.12","10"
"27","27.12","41"
"27","27.13","2"
"27","27.13","10"
"27","27.13","41"
"28","28.01.01","2"
"28","28.01.01","3"
"28","28.01.01","5"
"28","28.01.01","8"
"28","28.01.01","10"
"28","28.01.01","39"
"28","28.01.01","41"
"28","28.01.01","42"
"28","28.01.02","2"
"28","28.01.02","5"
"28","28.01.02","8"
"28","28.01.02","10"
"28","28.01.02","41"
"28","28.02","8"
"28","28.02","10"
"28","28.02","41"
"28","28.03","8"
"28","28.03","10"
"28","28.03","41"
"28","28.03","42"
"28","28.03","43"
"28","28.04","2"
"28","28.04","8"
"28","28.04","41"
"28","28.05","2"
"28","28.05","3"
"28","28.05","5"
"28","28.05","8"
"28","28.05","41"
"28","28.06","2"
"28","28.06","5"
"28","28.06","8"
"28","28.06","41"
"28","28.07","8"
"28","28.07","10"
"28","28.07","41"
"28","28.08","2"
"28","28.08","5"
"28","28.08","8"
"28","28.08","41"
"28","28.08","42"
"28","28.09","2"
"28","28.09","3"
"28","28.09","7"
"28","28.09","41"
"28","28.10","3"
"28","28.10","5"
"28","28.10","8"
"28","28.10","10"
"28","28.10","41"
"28","28.11","3"
"28","28.11","8"
"28","28.11","20"
"28","28.11","41"
"28","28.12","2"
"28","28.12","5"
"28","28.12","8"
"28","28.12","9"
"28","28.12","10"
"28","28.12","41"
"28","28.13","2"
"28","28.13","8"
"28","28.13","41"
"28","28.14","10"
"28","28.14","41"
"28","28.15","3"
"28","28.15","5"
"28","28.15","8"
"28","28.15","10"
"28","28.15","41"
"28","28.15","42"
"28","28.16","2"
"28","28.16","3"
"28","28.16","5"
"28","28.16","8"
"28","28.16","10"
"28","28.16","41"
"28","28.16","42"
"28","28.17","41"
"28","28.18","5"
"28","28.18","8"
"28","28.18","9"
"28","28.18","41"
"29","29.01","8"
"29","29.01","41"
"29","29.02","8"
"29","29.02","41"
"29","29.03","3"
"29","29.03","8"
"29","29.03","41"
"29","29.04","41"
"29","29.05","2"
"29","29.05","8"
"29","29.05","41"
"29","29.06","2"
"29","29.06","3"
"29","29.06","41"
"30","30.01.01","2"
"30","30.01.01","3"
"30","30.01.01","5"
"30","30.01.01","8"
"30","30.01.01","10"
"30","30.01.01","39"
"30","30.01.01","41"
"30","30.01.02","2"
"30","30.01.02","3"
"30","30.01.02","5"
"30","30.01.02","8"
"30","30.01.02","10"
"30","30.01.02","39"
"30","30.01.02","41"
"30","30.01.03","2"
"30","30.01.03","3"
"30","30.01.03","5"
"30","30.01.03","8"
"30","30.01.03","10"
"30","30.01.03","39"
"30","30.01.03","41"
"30","30.02","2"
"30","30.02","3"
"30","30.02","5"
"30","30.02","8"
"30","30.02","41"
"30","30.03","3"
"30","30.03","5"
"30","30.03","8"
"30","30.03","41"
"30","30.04","2"
"30","30.04","3"
"30","30.04","5"
"30","30.04","8"
"30","30.04","41"
"30","30.05","2"
"30","30.05","3"
"30","30.05","5"
"30","30.05","8"
"30","30.05","10"
"30","30.05","39"
"30","30.05","41"
"30","30.06","2"
"30","30.06","3"
"30","30.06","5"
"30","30.06","8"
"30","30.06","39"
"30","30.06","41"
"30","30.07","2"
"30","30.07","3"
"30","30.07","5"
"30","30.07","10"
"30","30.07","41"
"30","30.08","2"
"30","30.08","3"
"30","30.08","5"
"30","30.08","8"
"30","30.08","41"
"30","30.09","3"
"30","30.09","5"
"30","30.09","8"
"30","30.09","10"
"30","30.09","41"
"30","30.09","42"
"30","30.10","3"
"30","30.10","5"
"30","30.10","8"
"30","30.10","10"
"30","30.10","39"
"30","30.10","41"
"30","30.11","2"
"30","30.11","5"
"30","30.11","8"
"30","30.11","10"
"30","30.11","41"
"30","30.12","2"
"30","30.12","3"
"30","30.12","5"
"30","30.12","8"
"30","30.12","41"
"30","30.13","2"
"30","30.13","3"
"30","30.13","5"
"30","30.13","8"
"30","30.13","10"
"30","30.13","41"
"30","30.14","2"
"30","30.14","3"
"30","30.14","5"
"30","30.14","8"
"30","30.14","41"
"30","30.15","2"
"30","30.15","3"
"30","30.15","5"
"30","30.15","8"
"30","30.15","39"
"30","30.15","41"
"30","30.16","3"
"30","30.16","5"
"30","30.16","8"
"30","30.16","41"
"30","30.16","42"
"30","30.17","3"
"30","30.17","5"
"30","30.17","8"
"30","30.17","39"
"30","30.17","41"
"32","32.01.01","2"
"32","32.01.01","5"
"32","32.01.01","8"
"32","32.01.01","20"
"32","32.01.01","38"
"32","32.01.01","41"
"32","32.01.02","2"
"32","32.01.02","3"
"32","32.01.02","5"
"32","32.01.02","8"
"32","32.01.02","10"
"32","32.01.02","20"
"32","32.01.02","38"
"32","32.01.02","41"
"32","32.01.03","2"
"32","32.01.03","3"
"32","32.01.03","5"
"32","32.01.03","20"
"32","32.01.03","38"
"32","32.01.03","41"
"32","32.01.04","2"
"32","32.01.04","3"
"32","32.01.04","5"
"32","32.01.04","38"
"32","32.01.04","41"
"32","32.01.05","2"
"32","32.01.05","5"
"32","32.01.05","8"
"32","32.01.05","10"
"32","32.01.05","20"
"32","32.01.05","38"
"32","32.01.05","41"
"32","32.02","2"
"32","32.02","5"
"32","32.02","38"
"32","32.02","41"
"32","32.02","42"
"32","32.03","2"
"32","32.03","3"
"32","32.03","5"
"32","32.03","8"
"32","32.03","41"
"32","32.04","2"
"32","32.04","5"
"32","32.04","8"
"32","32.04","20"
"32","32.04","38"
"32","32.04","41"
"32","32.05","2"
"32","32.05","5"
"32","32.05","8"
"32","32.05","20"
"32","32.05","41"
"32","32.05","42"
"32","32.06","2"
"32","32.06","5"
"32","32.06","20"
"32","32.06","41"
"32","32.07","2"
"32","32.07","3"
"32","32.07","5"
"32","32.07","20"
"32","32.07","41"
"32","32.08","2"
"32","32.08","5"
"32","32.08","20"
"32","32.08","37"
"32","32.08","41"
"32","32.09","2"
"32","32.09","5"
"32","32.09","8"
"32","32.09","20"
"32","32.09","38"
"32","32.09","41"
"32","32.10","2"
"32","32.10","5"
"32","32.10","41"
"32","32.10","42"
"32","32.11","2"
"32","32.11","5"
"32","32.11","20"
"32","32.11","38"
"32","32.11","41"
"32","32.12","2"
"32","32.12","5"
"32","32.12","8"
"32","32.12","20"
"32","32.12","41"
"32","32.12","42"
"32","32.13","2"
"32","32.13","5"
"32","32.13","20"
"32","32.13","38"
"32","32.13","41"
"32","32.14","2"
"32","32.14","5"
"32","32.14","8"
"32","32.14","38"
"32","32.14","41"
"32","32.15","2"
"32","32.15","3"
"32","32.15","5"
"32","32.15","20"
"32","32.15","41"
"32","32.16","2"
"32","32.16","5"
"32","32.16","8"
"32","32.16","20"
"32","32.16","41"
"32","32.17","2"
"32","32.17","3"
"32","32.17","5"
"32","32.17","8"
"32","32.17","20"
"32","32.17","38"
"32","32.17","41"
"32","32.18","2"
"32","32.18","3"
"32","32.18","5"
"32","32.18","20"
"32","32.18","41"
"32","32.19","2"
"32","32.19","5"
"32","32.19","20"
"32","32.19","41"
"32","32.20","2"
"32","32.20","5"
"32","32.20","8"
"32","32.20","20"
"32","32.20","38"
"32","32.20","41"
"32","32.21","2"
"32","32.21","5"
"32","32.21","8"
"32","32.21","20"
"32","32.21","38"
"32","32.21","41"
"33","33.01.01","2"
"33","33.01.01","5"
"33","33.01.01","41"
"33","33.01.02","5"
"33","33.01.02","41"
"33","33.01.02","42"
"33","33.02","2"
"33","33.02","3"
"33","33.02","5"
"33","33.02","8"
"33","33.02","41"
"33","33.03","2"
"33","33.03","5"
"33","33.03","41"
"33","33.04","2"
"33","33.04","5"
"33","33.04","8"
"33","33.04","41"
"33","33.05","2"
"33","33.05","5"
"33","33.05","41"
"33","33.06","2"
"33","33.06","5"
"33","33.06","8"
"33","33.06","41"
"33","33.07","2"
"33","33.07","5"
"33","33.07","8"
"33","33.07","41"
"33","33.07","42"
"33","33.08","2"
"33","33.08","5"
"33","33.08","41"
"33","33.09","2"
"33","33.09","5"
"33","33.09","41"
"33","33.10","2"
"33","33.10","5"
"33","33.10","8"
"33","33.10","41"
"33","33.11","2"
"33","33.11","5"
"33","33.11","8"
"33","33.11","41"
"33","33.12","2"
"33","33.12","5"
"33","33.12","41"
"33","33.13","5"
"33","33.13","8"
"33","33.13","41"
"33","33.14","5"
"33","33.14","8"
"33","33.14","41"
"33","33.15","2"
"33","33.15","3"
"33","33.15","5"
"33","33.15","8"
"33","33.15","41"
"33","33.16","2"
"33","33.16","3"
"33","33.16","5"
"33","33.16","8"
"33","33.16","41"
"33","33.17","5"
"33","33.17","41"
"35","35.01.01","2"
"35","35.01.01","3"
"35","35.01.01","5"
"35","35.01.01","8"
"35","35.01.01","10"
"35","35.01.01","41"
"35","35.01.01","44"
"35","35.01.02","2"
"35","35.01.02","3"
"35","35.01.02","5"
"35","35.01.02","8"
"35","35.01.02","41"
"35","35.01.03","2"
"35","35.01.03","3"
"35","35.01.03","5"
"35","35.01.03","8"
"35","35.01.03","41"
"35","35.01.04","2"
"35","35.01.04","3"
"35","35.01.04","5"
"35","35.01.04","8"
"35","35.01.04","41"
"35","35.01.04","45"
"35","35.02","2"
"35","35.02","3"
"35","35.02","5"
"35","35.02","8"
"35","35.02","10"
"35","35.02","41"
"35","35.02","44"
"35","35.02","45"
"35","35.03","2"
"35","35.03","3"
"35","35.03","5"
"35","35.03","8"
"35","35.03","41"
"35","35.04","3"
"35","35.04","5"
"35","35.04","8"
"35","35.04","10"
"35","35.04","41"
"35","35.04","44"
"35","35.04","45"
"35","35.05","2"
"35","35.05","3"
"35","35.05","5"
"35","35.05","8"
"35","35.05","41"
"35","35.05","45"
"35","35.06","3"
"35","35.06","5"
"35","35.06","8"
"35","35.06","10"
"35","35.06","41"
"35","35.06","44"
"35","35.07","2"
"35","35.07","3"
"35","35.07","5"
"35","35.07","41"
"35","35.08","3"
"35","35.08","5"
"35","35.08","41"
"35","35.09","2"
"35","35.09","5"
"35","35.09","8"
"35","35.09","41"
"35","35.10","3"
"35","35.10","5"
"35","35.10","8"
"35","35.10","41"
"35","35.11","2"
"35","35.11","3"
"35","35.11","5"
"35","35.11","8"
"35","35.11","41"
"35","35.12","3"
"35","35.12","5"
"35","35.12","8"
"35","35.12","41"
"35","35.12","44"
"35","35.13","2"
"35","35.13","3"
"35","35.13","5"
"35","35.13","8"
"35","35.13","41"
"35","35.13","44"
"36","36.01.01","2"
"36","36.01.01","3"
"36","36.01.01","5"
"36","36.01.01","8"
"36","36.01.01","41"
"36","36.01.02","2"
"36","36.01.02","3"
"36","36.01.02","5"
"36","36.01.02","8"
"36","36.01.02","41"
"36","36.01.03","2"
"36","36.01.03","3"
"36","36.01.03","5"
"36","36.01.03","8"
"36","36.01.03","41"
"36","36.02","2"
"36","36.02","3"
"36","36.02","5"
"36","36.02","8"
"36","36.02","10"
"36","36.02","41"
"36","36.03","2"
"36","36.03","5"
"36","36.03","8"
"36","36.03","41"
"36","36.04","3"
"36","36.04","5"
"36","36.04","8"
"36","36.04","41"
"36","36.05","5"
"36","36.05","8"
"36","36.05","41"
"36","36.08","2"
"36","36.08","8"
"36","36.08","41"
"36","36.09","3"
"36","36.09","5"
"36","36.09","8"
"36","36.09","41"
"36","36.10","2"
"36","36.10","5"
"36","36.10","8"
"36","36.10","41"
"36","36.11","3"
"36","36.11","5"
"36","36.11","8"
"36","36.11","10"
"36","36.11","37"
"36","36.11","41"
"36","36.12","2"
"36","36.12","5"
"36","36.12","8"
"36","36.12","41"
"36","36.13","2"
"36","36.13","5"
"36","36.13","8"
"36","36.13","41"
"37","37.01.01","2"
"37","37.01.01","5"
"37","37.01.01","8"
"37","37.01.01","31"
"37","37.01.01","41"
"37","37.01.02","2"
"37","37.01.02","5"
"37","37.01.02","8"
"37","37.01.02","31"
"37","37.01.02","41"
"37","37.01.03","2"
"37","37.01.03","5"
"37","37.01.03","8"
"37","37.01.03","41"
"37","37.02","2"
"37","37.02","5"
"37","37.02","8"
"37","37.02","41"
"37","37.03","2"
"37","37.03","5"
"37","37.03","41"
"37","37.04","2"
"37","37.04","5"
"37","37.04","8"
"37","37.04","41"
"37","37.05","2"
"37","37.05","5"
"37","37.05","41"
"37","37.06","2"
"37","37.06","5"
"37","37.06","41"
"37","37.07","2"
"37","37.07","5"
"37","37.07","41"
"37","37.08","2"
"37","37.08","5"
"37","37.08","41"
"37","37.09","2"
"37","37.09","5"
"37","37.09","41"
"37","37.10","2"
"37","37.10","5"
"37","37.10","41"
"37","37.11","2"
"37","37.11","5"
"37","37.11","41"
"37","37.12","2"
"37","37.12","5"
"37","37.12","8"
"37","37.12","31"
"37","37.12","41"
"37","37.13","2"
"37","37.13","5"
"37","37.13","41"
"37","37.14","2"
"37","37.14","5"
"37","37.14","8"
"37","37.14","41"
"37","37.15","2"
"37","37.15","5"
"37","37.15","41"
"37","37.16","2"
"37","37.16","5"
"37","37.16","41"
"38","38.01","2"
"38","38.01","3"
"38","38.01","5"
"38","38.01","8"
"38","38.01","41"
"38","38.02","2"
"38","38.02","8"
"38","38.02","41"
"38","38.03","2"
"38","38.03","5"
"38","38.03","41"
"38","38.04","2"
"38","38.04","3"
"38","38.04","8"
"38","38.04","41"
"38","38.05","2"
"38","38.05","5"
"38","38.05","8"
"38","38.05","41"
"38","38.05","42"
"38","38.06","2"
"38","38.06","3"
"38","38.06","5"
"38","38.06","8"
"38","38.06","41"
"38","38.07","2"
"38","38.07","5"
"38","38.07","41"
"38","38.08","2"
"38","38.08","3"
"38","38.08","5"
"38","38.08","41"
"38","38.09","2"
"38","38.09","3"
"38","38.09","5"
"38","38.09","41"
"38","38.10","2"
"38","38.10","5"
"38","38.10","8"
"38","38.10","41"
"38","38.10","42"
"38","38.11","2"
"38","38.11","5"
"38","38.11","41"
"38","38.12","2"
"38","38.12","5"
"38","38.12","41"
"38","38.13","2"
"38","38.13","5"
"38","38.13","41"
"38","38.14","2"
"38","38.14","3"
"38","38.14","8"
"38","38.14","41"
"38","38.15","2"
"38","38.15","3"
"38","38.15","5"
"38","38.15","41"
"38","38.15","42"
"39","39.01","2"
"39","39.01","8"
"39","39.01","41"
"39","39.02","2"
"39","39.02","5"
"39","39.02","8"
"39","39.02","41"
"39","39.03","8"
"39","39.03","41"
"39","39.04","8"
"39","39.04","41"
"39","39.05","2"
"39","39.05","8"
"39","39.05","41"
"39","39.06","2"
"39","39.06","5"
"39","39.06","8"
"39","39.06","41"
"39","39.07","8"
"39","39.07","41"
"39","39.08","2"
"39","39.08","41"
"39","39.09","8"
"39","39.09","41"
"39","39.10","2"
"39","39.10","5"
"39","39.10","8"
"39","39.10","41"
"39","39.11","2"
"39","39.11","8"
"39","39.11","41"
"39","39.11","43"
"39","39.12","2"
"39","39.12","8"
"39","39.12","41"
"40","40.01.01","2"
"40","40.01.01","3"
"40","40.01.01","8"
"40","40.01.01","41"
"40","40.01.02","2"
"40","40.01.02","3"
"40","40.01.02","8"
"40","40.01.02","41"
"40","40.01.02","42"
"40","40.02","2"
"40","40.02","8"
"40","40.02","41"
"40","40.03","2"
"40","40.03","3"
"40","40.03","8"
"40","40.03","41"
"40","40.04","2"
"40","40.04","3"
"40","40.04","8"
"40","40.04","41"
"40","40.05","2"
"40","40.05","3"
"40","40.05","8"
"40","40.05","41"
"40","40.06","2"
"40","40.06","8"
"40","40.06","41"
"40","40.06","42"
"40","40.07","2"
"40","40.07","3"
"40","40.07","8"
"40","40.07","41"
"40","40.08","2"
"40","40.08","3"
"40","40.08","8"
"40","40.08","41"
"40","40.09","2"
"40","40.09","8"
"40","40.09","41"
"40","40.10","2"
"40","40.10","3"
"40","40.10","8"
"40","40.10","41"
"40","40.11","2"
"40","40.11","3"
"40","40.11","8"
"40","40.11","41"
"40","40.12","2"
"40","40.12","8"
"40","40.12","41"
"40","40.12","43"
"40","40.13","2"
"40","40.13","41"
"40","40.13","42"
"40","40.14","2"
"40","40.14","3"
"40","40.14","8"
"40","40.14","41"
"40","40.15","2"
"40","40.15","8"
"40","40.15","41"
"40","40.15","42"
"40","40.16","2"
"40","40.16","8"
"40","40.16","41"
"40","40.17","8"
"40","40.17","41"
"40","40.18","2"
"40","40.18","3"
"40","40.18","8"
"40","40.18","41"
"40","40.19","2"
"40","40.19","8"
"40","40.19","41"
"40","40.20","2"
"40","40.20","3"
"40","40.20","8"
"40","40.20","41"
"40","40.21","8"
"40","40.21","41"
"40","40.22","2"
"40","40.22","3"
"40","40.22","41"
"40","40.22","42"
"41","41.01.01","2"
"41","41.01.01","41"
"41","41.01.02","2"
"41","41.01.02","41"
"41","41.02","2"
"41","41.02","41"
"41","41.03","8"
"41","41.03","41"
"41","41.04","41"
"41","41.05","2"
"41","41.05","41"
"41","41.06","41"
"41","41.07","2"
"41","41.07","41"
"41","41.07","43"
"41","41.08","2"
"41","41.08","41"
"41","41.09","2"
"41","41.09","27"
"41","41.09","41"
"41","41.10","2"
"41","41.10","41"
"43","43.01","5"
"43","43.01","8"
"43","43.01","20"
"43","43.01","41"
"43","43.02","5"
"43","43.02","41"
"43","43.03","5"
"43","43.03","8"
"43","43.03","41"
"43","43.04","5"
"43","43.04","8"
"43","43.04","41"
"43","43.05","5"
"43","43.05","8"
"43","43.05","41"
"43","43.06","5"
"43","43.06","41"
"43","43.07","41"
"43","43.08","5"
"43","43.08","8"
"43","43.08","41"
"43","43.09","5"
"43","43.09","41"
"43","43.10","5"
"43","43.10","8"
"43","43.10","20"
"43","43.10","41"
"43","43.11","5"
"43","43.11","8"
"43","43.11","41"
"43","43.12","5"
"43","43.12","8"
"43","43.12","41"
"43","43.13","5"
"43","43.13","8"
"43","43.13","41"
"43","43.14","5"
"43","43.14","8"
"43","43.14","41"
"43","43.15","5"
"43","43.15","41"
"43","43.16","5"
"43","43.16","8"
"43","43.16","20"
"43","43.16","41"
"43","43.17","5"
"43","43.17","8"
"43","43.17","41"
"43","43.18","5"
"43","43.18","8"
"43","43.18","41"
"44","44.01","2"
"44","44.01","5"
"44","44.01","6"
"44","44.01","8"
"44","44.01","41"
"44","44.02","3"
"44","44.02","5"
"44","44.02","41"
"44","44.03","8"
"44","44.03","41"
"44","44.04","3"
"44","44.04","8"
"44","44.04","41"
"44","44.05","2"
"44","44.05","6"
"44","44.05","10"
"44","44.05","41"
"44","44.06","3"
"44","44.06","5"
"44","44.06","41"
"44","44.07","3"
"44","44.07","5"
"44","44.07","10"
"44","44.07","41"
"44","44.08","5"
"44","44.08","41"
"44","44.09","3"
"44","44.09","5"
"44","44.09","8"
"44","44.09","41"
"44","44.10","2"
"44","44.10","5"
"44","44.10","6"
"44","44.10","41"
"44","44.11","41"
"44","44.12","41"
"44","44.13","2"
"44","44.13","3"
"44","44.13","5"
"44","44.13","8"
"44","44.13","41"
"44","44.14","2"
"44","44.14","3"
"44","44.14","5"
"44","44.14","8"
"44","44.14","41"
"44","44.15","3"
"44","44.15","5"
"44","44.15","8"
"44","44.15","41"
"44","44.16","5"
"44","44.16","8"
"44","44.16","41"
"44","44.17","2"
"44","44.17","3"
"44","44.17","5"
"44","44.17","8"
"44","44.17","10"
"44","44.17","41"
"44","44.18","3"
"44","44.18","5"
"44","44.18","8"
"44","44.18","41"
"44","44.19","2"
"44","44.19","3"
"44","44.19","5"
"44","44.19","8"
"44","44.19","41"
"44","44.19","42"
"45","45.01","2"
"45","45.01","3"
"45","45.01","41"
"45","45.02","2"
"45","45.02","41"
"45","45.03","41"
"45","45.04","2"
"45","45.04","41"
"45","45.05","2"
"45","45.05","41"
"45","45.06","2"
"45","45.06","5"
"45","45.06","41"
"45","45.07","2"
"45","45.07","41"
"45","45.08","2"
"45","45.08","41"
"45","45.09","2"
"45","45.09","41"
"45","45.10","2"
"45","45.10","5"
"45","45.10","41"
"45","45.10","43"
"45","45.11","2"
"45","45.11","5"
"45","45.11","8"
"45","45.11","41"
"45","45.12","2"
"45","45.12","5"
"45","45.12","41"
"45","45.13","2"
"45","45.13","5"
"45","45.13","8"
"45","45.13","41"
"45","45.13","43"
"45","45.14","2"
"45","45.14","5"
"45","45.14","41"
"45","45.15","2"
"45","45.15","10"
"45","45.15","41"
"45","45.16","2"
"45","45.16","41"
"46","46.01","5"
"46","46.01","8"
"46","46.01","41"
"46","46.02","5"
"46","46.02","8"
"46","46.02","41"
"46","46.02","42"
"46","46.03","41"
"46","46.04","5"
"46","46.04","8"
"46","46.04","41"
"46","46.05","5"
"46","46.05","8"
"46","46.05","41"
"46","46.05","42"
"46","46.06","41"
"46","46.07","41"
"46","46.08","5"
"46","46.08","8"
"46","46.08","41"
"47","47.01","2"
"47","47.01","41"
"47","47.01","43"
"47","47.02","41"
"47","47.02","43"
"47","47.03","2"
"47","47.03","8"
"47","47.03","41"
"47","47.04","41"
"47","47.04","43"
"47","47.05","41"
"47","47.06","5"
"47","47.06","41"
"47","47.06","43"
"47","47.07","41"
"47","47.08","41"
"47","47.08","43"
"47","47.09","8"
"47","47.09","41"
"47","47.10","3"
"47","47.10","8"
"47","47.10","41"
"47","47.11","8"
"47","47.11","41"
"47","47.12","3"
"47","47.12","5"
"47","47.12","41"
"47","47.13","2"
"47","47.13","8"
"47","47.13","41"
"47","47.14","5"
"47","47.14","8"
"47","47.14","41"
"47","47.15","8"
"47","47.15","41"
"47","47.16","8"
"47","47.16","41"
"48","48.01","2"
"48","48.01","5"
"48","48.01","8"
"48","48.01","20"
"48","48.01","41"
"48","48.02","2"
"48","48.02","5"
"48","48.02","41"
"48","48.03","2"
"48","48.03","3"
"48","48.03","5"
"48","48.03","8"
"48","48.03","41"
"48","48.04","2"
"48","48.04","3"
"48","48.04","5"
"48","48.04","8"
"48","48.04","20"
"48","48.04","41"
"48","48.05","2"
"48","48.05","3"
"48","48.05","5"
"48","48.05","8"
"48","48.05","20"
"48","48.05","41"
"48","48.06","2"
"48","48.06","5"
"48","48.06","8"
"48","48.06","41"
"48","48.07","2"
"48","48.07","5"
"48","48.07","20"
"48","48.07","41"
"48","48.08","2"
"48","48.08","5"
"48","48.08","8"
"48","48.08","41"
"48","48.09","2"
"48","48.09","5"
"48","48.09","8"
"48","48.09","41"
"48","48.09","42"
"48","48.10","2"
"48","48.10","3"
"48","48.10","5"
"48","48.10","8"
"48","48.10","41"
"48","48.11","2"
"48","48.11","5"
"48","48.11","41"
"48","48.12","2"
"48","48.12","5"
"48","48.12","8"
"48","48.12","41"
"48","48.13","2"
"48","48.13","3"
"48","48.13","5"
"48","48.13","8"
"48","48.13","20"
"48","48.13","41"
"48","48.13","42"
"48","48.14","2"
"48","48.14","5"
"48","48.14","8"
"48","48.14","20"
"48","48.14","41"
"48","48.15","2"
"48","48.15","3"
"48","48.15","5"
"48","48.15","20"
"48","48.15","41"
"48","48.16","2"
"48","48.16","3"
"48","48.16","5"
"48","48.16","8"
"48","48.16","20"
"48","48.16","41"
"48","48.17","2"
"48","48.17","3"
"48","48.17","5"
"48","48.17","8"
"48","48.17","41"
"48","48.18","2"
"48","48.18","5"
"48","48.18","8"
"48","48.18","41"
"48","48.19","2"
"48","48.19","3"
"48","48.19","5"
"48","48.19","20"
"48","48.19","41"
"48","48.20","2"
"48","48.20","5"
"48","48.20","8"
"48","48.20","20"
"48","48.20","41"
"49","49.01.01","2"
"49","49.01.01","3"
"49","49.01.01","5"
"49","49.01.01","8"
"49","49.01.01","41"
"49","49.01.02","2"
"49","49.01.02","3"
"49","49.01.02","5"
"49","49.01.02","41"
"49","49.01.02","42"
"49","49.02","2"
"49","49.02","5"
"49","49.02","8"
"49","49.02","41"
"49","49.03","2"
"49","49.03","3"
"49","49.03","5"
"49","49.03","8"
"49","49.03","41"
"49","49.04","2"
"49","49.04","3"
"49","49.04","5"
"49","49.04","8"
"49","49.04","41"
"49","49.05","2"
"49","49.05","41"
"49","49.06","2"
"49","49.06","3"
"49","49.06","5"
"49","49.06","41"
"49","49.07","2"
"49","49.07","3"
"49","49.07","5"
"49","49.07","8"
"49","49.07","41"
"49","49.08","2"
"49","49.08","3"
"49","49.08","5"
"49","49.08","22"
"49","49.08","41"
"49","49.09","2"
"49","49.09","5"
"49","49.09","41"
"49","49.10","2"
"49","49.10","5"
"49","49.10","41"
"49","49.11","2"
"49","49.11","5"
"49","49.11","41"
"49","49.12","3"
"49","49.12","5"
"49","49.12","41"
"49","49.12","42"
"49","49.12","43"
"49","49.13","2"
"49","49.13","5"
"49","49.13","41"
"49","49.14","2"
"49","49.14","3"
"49","49.14","5"
"49","49.14","41"
"49","49.15","2"
"49","49.15","3"
"49","49.15","5"
"49","49.15","41"
"49","49.16","2"
"49","49.16","3"
"49","49.16","5"
"49","49.16","41"
"49","49.17","2"
"49","49.17","3"
"49","49.17","5"
"49","49.17","41"
"49","49.17","42"
"49","49.17","43"
"49","49.18","2"
"49","49.18","3"
"49","49.18","41"
"49","49.19","2"
"49","49.19","5"
"49","49.19","8"
"49","49.19","41"
"50","50.01.01","2"
"50","50.01.01","5"
"50","50.01.01","41"
"50","50.01.02","2"
"50","50.01.02","5"
"50","50.01.02","31"
"50","50.01.02","41"
"50","50.02","2"
"50","50.02","5"
"50","50.02","41"
"50","50.03","2"
"50","50.03","5"
"50","50.03","8"
"50","50.03","41"
"50","50.04","2"
"50","50.04","5"
"50","50.04","8"
"50","50.04","41"
"50","50.05","2"
"50","50.05","5"
"50","50.05","41"
"50","50.06","2"
"50","50.06","5"
"50","50.06","8"
"50","50.06","41"
"50","50.07","2"
"50","50.07","5"
"50","50.07","8"
"50","50.07","41"
"50","50.08","2"
"50","50.08","5"
"50","50.08","8"
"50","50.08","41"
"50","50.09","2"
"50","50.09","5"
"50","50.09","8"
"50","50.09","31"
"50","50.09","41"
"50","50.10","2"
"50","50.10","5"
"50","50.10","8"
"50","50.10","41"
"50","50.11","2"
"50","50.11","5"
"50","50.11","8"
"50","50.11","41"
"50","50.12","2"
"50","50.12","41"
"50","50.12","42"
"50","50.13","2"
"50","50.13","5"
"50","50.13","31"
"50","50.13","41"
"50","50.13","42"
"51","51.01.01","2"
"51","51.01.01","5"
"51","51.01.01","8"
"51","51.01.01","41"
"51","51.01.02","2"
"51","51.01.02","5"
"51","51.01.02","8"
"51","51.01.02","41"
"51","51.01.03","2"
"51","51.01.03","3"
"51","51.01.03","5"
"51","51.01.03","8"
"51","51.01.03","41"
"51","51.02","2"
"51","51.02","3"
"51","51.02","5"
"51","51.02","8"
"51","51.02","41"
"51","51.03","2"
"51","51.03","5"
"51","51.03","8"
"51","51.03","41"
"51","51.04","2"
"51","51.04","3"
"51","51.04","5"
"51","51.04","8"
"51","51.04","41"
"51","51.04","43"
"51","51.05","2"
"51","51.05","5"
"51","51.05","41"
"51","51.06","2"
"51","51.06","5"
"51","51.06","8"
"51","51.06","41"
"51","51.07","2"
"51","51.07","5"
"51","51.07","8"
"51","51.07","41"
"51","51.08","2"
"51","51.08","5"
"51","51.08","8"
"51","51.08","41"
"51","51.09","2"
"51","51.09","5"
"51","51.09","8"
"51","51.09","41"
"51","51.10","2"
"51","51.10","5"
"51","51.10","8"
"51","51.10","41"
"51","51.11","2"
"51","51.11","5"
"51","51.11","8"
"51","51.11","41"
"51","51.11","44"
"51","51.12","2"
"51","51.12","5"
"51","51.12","8"
"51","51.12","41"
"51","51.12","43"
"51","51.13","2"
"51","51.13","5"
"51","51.13","8"
"51","51.13","41"
"51","51.14","2"
"51","51.14","5"
"51","51.14","8"
"51","51.14","41"
"51","51.15","2"
"51","51.15","5"
"51","51.15","8"
"51","51.15","41"
"51","51.16","2"
"51","51.16","5"
"51","51.16","8"
"51","51.16","41"
"51","51.16","43"
"51","51.17","2"
"51","51.17","5"
"51","51.17","8"
"51","51.17","41"
"51","51.18","2"
"51","51.18","5"
"51","51.18","8"
"51","51.18","41"
"51","51.19","2"
"51","51.19","5"
"51","51.19","8"
"51","51.19","41"
"52","52.01.01","2"
"52","52.01.01","5"
"52","52.01.01","8"
"52","52.01.01","41"
"52","52.01.02","2"
"52","52.01.02","3"
"52","52.01.02","5"
"52","52.01.02","41"
"52","52.02","2"
"52","52.02","3"
"52","52.02","5"
"52","52.02","8"
"52","52.02","20"
"52","52.02","41"
"52","52.03","2"
"52","52.03","5"
"52","52.03","10"
"52","52.03","20"
"52","52.03","41"
"52","52.04","5"
"52","52.04","41"
"52","52.05","2"
"52","52.05","5"
"52","52.05","41"
"52","52.06","2"
"52","52.06","3"
"52","52.06","5"
"52","52.06","41"
"52","52.07","2"
"52","52.07","20"
"52","52.07","41"
"52","52.08","2"
"52","52.08","5"
"52","52.08","8"
"52","52.08","41"
"52","52.09","2"
"52","52.09","5"
"52","52.09","8"
"52","52.09","41"
"52","52.10","2"
"52","52.10","5"
"52","52.10","20"
"52","52.10","41"
"52","52.11","2"
"52","52.11","3"
"52","52.11","5"
"52","52.11","8"
"52","52.11","20"
"52","52.11","41"
"52","52.12","2"
"52","52.12","5"
"52","52.12","8"
"52","52.12","20"
"52","52.12","41"
"52","52.13","2"
"52","52.13","5"
"52","52.13","8"
"52","52.13","41"
"53","53.01","2"
"53","53.01","8"
"53","53.01","10"
"53","53.01","41"
"53","53.02","2"
"53","53.02","5"
"53","53.02","8"
"53","53.02","10"
"53","53.02","41"
"53","53.03","2"
"53","53.03","5"
"53","53.03","8"
"53","53.03","41"
"53","53.04","2"
"53","53.04","5"
"53","53.04","8"
"53","53.04","41"
"53","53.05","2"
"53","53.05","5"
"53","53.05","41"
"53","53.06","2"
"53","53.06","5"
"53","53.06","8"
"53","53.06","41"
"53","53.07","2"
"53","53.07","5"
"53","53.07","41"
"53","53.08","2"
"53","53.08","5"
"53","53.08","8"
"53","53.08","10"
"53","53.08","41"
"53","53.09","2"
"53","53.09","5"
"53","53.09","8"
"53","53.09","41"
"53","53.10","2"
"53","53.10","5"
"53","53.10","8"
"53","53.10","41"
"53","53.11","2"
"53","53.11","5"
"53","53.11","8"
"53","53.11","41"
"53","53.12","2"
"53","53.12","5"
"53","53.12","8"
"53","53.12","10"
"53","53.12","41"
"53","53.13","2"
"53","53.13","5"
"53","53.13","8"
"53","53.13","41"
"53","53.14","2"
"53","53.14","5"
"53","53.14","8"
"53","53.14","41"
"53","53.15","2"
"53","53.15","5"
"53","53.15","8"
"53","53.15","41"
"53","53.16","2"
"53","53.16","5"
"53","53.16","41"
"53","53.17","2"
"53","53.17","5"
"53","53.17","41"
"53","53.18","2"
"53","53.18","5"
"53","53.18","8"
"53","53.18","10"
"53","53.18","41"
"53","53.19","2"
"53","53.19","5"
"53","53.19","8"
"53","53.19","10"
"53","53.19","41"
"53","53.20","2"
"53","53.20","5"
"53","53.20","8"
"53","53.20","41"
"54","54.01.01","2"
"54","54.01.01","3"
"54","54.01.01","5"
"54","54.01.01","6"
"54","54.01.01","8"
"54","54.01.01","20"
"54","54.01.01","41"
"54","54.01.01","42"
"54","54.01.02","2"
"54","54.01.02","3"
"54","54.01.02","5"
"54","54.01.02","6"
"54","54.01.02","8"
"54","54.01.02","20"
"54","54.01.02","41"
"54","54.01.03","2"
"54","54.01.03","3"
"54","54.01.03","5"
"54","54.01.03","6"
"54","54.01.03","8"
"54","54.01.03","20"
"54","54.01.03","41"
"54","54.01.04","2"
"54","54.01.04","5"
"54","54.01.04","6"
"54","54.01.04","8"
"54","54.01.04","20"
"54","54.01.04","41"
"54","54.01.04","42"
"54","54.02","2"
"54","54.02","3"
"54","54.02","5"
"54","54.02","8"
"54","54.02","20"
"54","54.02","41"
"54","54.03","2"
"54","54.03","3"
"54","54.03","5"
"54","54.03","8"
"54","54.03","20"
"54","54.03","41"
"54","54.04","2"
"54","54.04","3"
"54","54.04","5"
"54","54.04","41"
"54","54.05","2"
"54","54.05","5"
"54","54.05","8"
"54","54.05","20"
"54","54.05","27"
"54","54.05","41"
"54","54.05","42"
"54","54.06","2"
"54","54.06","5"
"54","54.06","20"
"54","54.06","41"
"54","54.07","2"
"54","54.07","3"
"54","54.07","5"
"54","54.07","8"
"54","54.07","20"
"54","54.07","41"
"54","54.08","2"
"54","54.08","3"
"54","54.08","5"
"54","54.08","8"
"54","54.08","41"
"54","54.09","2"
"54","54.09","3"
"54","54.09","5"
"54","54.09","8"
"54","54.09","20"
"54","54.09","41"
"54","54.09","42"
"54","54.10","2"
"54","54.10","3"
"54","54.10","5"
"54","54.10","41"
"54","54.11","2"
"54","54.11","5"
"54","54.11","8"
"54","54.11","20"
"54","54.11","41"
"54","54.12","2"
"54","54.12","5"
"54","54.12","41"
"54","54.13","2"
"54","54.13","3"
"54","54.13","5"
"54","54.13","41"
"54","54.14","2"
"54","54.14","3"
"54","54.14","5"
"54","54.14","20"
"54","54.14","41"
"54","54.15","2"
"54","54.15","3"
"54","54.15","5"
"54","54.15","20"
"54","54.15","41"
"55","55.01.01","2"
"55","55.01.01","5"
"55","55.01.01","8"
"55","55.01.01","41"
"55","55.01.02","2"
"55","55.01.02","5"
"55","55.01.02","8"
"55","55.01.02","41"
"55","55.02","2"
"55","55.02","41"
"55","55.03","2"
"55","55.03","5"
"55","55.03","41"
"55","55.03","42"
"55","55.04","2"
"55","55.04","5"
"55","55.04","41"
"55","55.05","2"
"55","55.05","5"
"55","55.05","8"
"55","55.05","41"
"55","55.06","2"
"55","55.06","5"
"55","55.06","41"
"55","55.06","42"
"55","55.07","2"
"55","55.07","5"
"55","55.07","41"
"55","55.08","2"
"55","55.08","5"
"55","55.08","10"
"55","55.08","41"
"55","55.09","2"
"55","55.09","5"
"55","55.09","8"
"55","55.09","41"
"55","55.09","42"
"55","55.10","2"
"55","55.10","5"
"55","55.10","8"
"55","55.10","10"
"55","55.10","41"
"55","55.11","2"
"55","55.11","5"
"55","55.11","8"
"55","55.11","41"
"55","55.12","2"
"55","55.12","5"
"55","55.12","41"
"56","56.01.01","2"
"56","56.01.01","5"
"56","56.01.01","6"
"56","56.01.01","8"
"56","56.01.01","27"
"56","56.01.01","41"
"56","56.01.02","5"
"56","56.01.02","8"
"56","56.01.02","27"
"56","56.01.02","41"
"56","56.01.02","42"
"56","56.01.03","2"
"56","56.01.03","5"
"56","56.01.03","8"
"56","56.01.03","27"
"56","56.01.03","41"
"56","56.02","2"
"56","56.02","5"
"56","56.02","41"
"56","56.03","2"
"56","56.03","5"
"56","56.03","41"
"56","56.04","2"
"56","56.04","5"
"56","56.04","8"
"56","56.04","20"
"56","56.04","41"
"56","56.05","5"
"56","56.05","8"
"56","56.05","41"
"56","56.05","42"
"56","56.06","2"
"56","56.06","5"
"56","56.06","8"
"56","56.06","20"
"56","56.06","41"
"56","56.07","2"
"56","56.07","5"
"56","56.07","20"
"56","56.07","41"
"56","56.08","2"
"56","56.08","5"
"56","56.08","8"
"56","56.08","41"
"56","56.09","2"
"56","56.09","5"
"56","56.09","8"
"56","56.09","27"
"56","56.09","41"
"56","56.09","42"
"56","56.10","2"
"56","56.10","5"
"56","56.10","8"
"56","56.10","20"
"56","56.10","41"
"56","56.11","2"
"56","56.11","5"
"56","56.11","8"
"56","56.11","41"
"56","56.11","42"
"56","56.12","2"
"56","56.12","3"
"56","56.12","5"
"56","56.12","8"
"56","56.12","41"
"56","56.13","2"
"56","56.13","5"
"56","56.13","20"
"56","56.13","41"
"56","56.14","2"
"56","56.14","5"
"56","56.14","20"
"56","56.14","41"
"56","56.15","2"
"56","56.15","5"
"56","56.15","8"
"56","56.15","41"
"56","56.16","2"
"56","56.16","5"
"56","56.16","8"
"56","56.16","20"
"56","56.16","41"
"57","57.01.01","2"
"57","57.01.01","5"
"57","57.01.01","8"
"57","57.01.01","27"
"57","57.01.01","41"
"57","57.01.02","2"
"57","57.01.02","3"
"57","57.01.02","5"
"57","57.01.02","8"
"57","57.01.02","27"
"57","57.01.02","41"
"57","57.01.03","2"
"57","57.01.03","3"
"57","57.01.03","5"
"57","57.01.03","27"
"57","57.01.03","41"
"57","57.02","2"
"57","57.02","5"
"57","57.02","27"
"57","57.02","41"
"57","57.03","2"
"57","57.03","5"
"57","57.03","27"
"57","57.03","41"
"57","57.04","2"
"57","57.04","5"
"57","57.04","8"
"57","57.04","27"
"57","57.04","41"
"57","57.05","2"
"57","57.05","5"
"57","57.05","8"
"57","57.05","27"
"57","57.05","41"
"57","57.06","2"
"57","57.06","5"
"57","57.06","8"
"57","57.06","27"
"57","57.06","41"
"57","57.07","2"
"57","57.07","5"
"57","57.07","27"
"57","57.07","41"
"57","57.08","2"
"57","57.08","5"
"57","57.08","27"
"57","57.08","41"
"57","57.09","2"
"57","57.09","5"
"57","57.09","8"
"57","57.09","27"
"57","57.09","41"
"57","57.10","2"
"57","57.10","5"
"57","57.10","27"
"57","57.10","41"
"58","58.01.01","2"
"58","58.01.01","3"
"58","58.01.01","5"
"58","58.01.01","8"
"58","58.01.01","10"
"58","58.01.01","41"
"58","58.01.02","2"
"58","58.01.02","3"
"58","58.01.02","5"
"58","58.01.02","41"
"58","58.01.03","2"
"58","58.01.03","3"
"58","58.01.03","5"
"58","58.01.03","10"
"58","58.01.03","41"
"58","58.02","2"
"58","58.02","3"
"58","58.02","5"
"58","58.02","41"
"58","58.03","2"
"58","58.03","3"
"58","58.03","5"
"58","58.03","8"
"58","58.03","41"
"58","58.04","2"
"58","58.04","3"
"58","58.04","5"
"58","58.04","8"
"58","58.04","41"
"58","58.05","3"
"58","58.05","5"
"58","58.05","8"
"58","58.05","10"
"58","58.05","41"
"58","58.05","42"
"58","58.06","2"
"58","58.06","3"
"58","58.06","5"
"58","58.06","41"
"58","58.07","5"
"58","58.07","41"
"58","58.08","2"
"58","58.08","3"
"58","58.08","5"
"58","58.08","8"
"58","58.08","10"
"58","58.08","41"
"58","58.09","2"
"58","58.09","3"
"58","58.09","5"
"58","58.09","8"
"58","58.09","41"
"58","58.10","2"
"58","58.10","3"
"58","58.10","5"
"58","58.10","8"
"58","58.10","41"
"58","58.11","2"
"58","58.11","3"
"58","58.11","5"
"58","58.11","8"
"58","58.11","41"
"58","58.12","2"
"58","58.12","3"
"58","58.12","5"
"58","58.12","8"
"58","58.12","41"
"58","58.13","2"
"58","58.13","3"
"58","58.13","5"
"58","58.13","8"
"58","58.13","10"
"58","58.13","41"
"58","58.14","2"
"58","58.14","3"
"58","58.14","5"
"58","58.14","8"
"58","58.14","41"
"58","58.15","2"
"58","58.15","3"
"58","58.15","5"
"58","58.15","8"
"58","58.15","41"
"58","58.16","2"
"58","58.16","3"
"58","58.16","5"
"58","58.16","8"
"58","58.16","41"
"58","58.17","2"
"58","58.17","3"
"58","58.17","5"
"58","58.17","41"
"59","59.01","2"
"59","59.01","3"
"59","59.01","5"
"59","59.01","8"
"59","59.01","10"
"59","59.01","20"
"59","59.01","27"
"59","59.01","34"
"59","59.01","41"
"59","59.02","2"
"59","59.02","5"
"59","59.02","8"
"59","59.02","10"
"59","59.02","27"
"59","59.02","34"
"59","59.02","41"
"59","59.03","2"
"59","59.03","3"
"59","59.03","5"
"59","59.03","8"
"59","59.03","10"
"59","59.03","27"
"59","59.03","34"
"59","59.03","41"
"59","59.04","2"
"59","59.04","3"
"59","59.04","5"
"59","59.04","10"
"59","59.04","20"
"59","59.04","27"
"59","59.04","34"
"59","59.04","41"
"59","59.05","2"
"59","59.05","3"
"59","59.05","5"
"59","59.05","8"
"59","59.05","10"
"59","59.05","20"
"59","59.05","27"
"59","59.05","34"
"59","59.05","41"
"59","59.06","2"
"59","59.06","3"
"59","59.06","5"
"59","59.06","8"
"59","59.06","10"
"59","59.06","27"
"59","59.06","34"
"59","59.06","41"
"59","59.07","2"
"59","59.07","3"
"59","59.07","5"
"59","59.07","8"
"59","59.07","10"
"59","59.07","27"
"59","59.07","34"
"59","59.07","41"
"59","59.08","2"
"59","59.08","3"
"59","59.08","5"
"59","59.08","8"
"59","59.08","10"
"59","59.08","27"
"59","59.08","34"
"59","59.08","41"
"59","59.09","2"
"59","59.09","3"
"59","59.09","5"
"59","59.09","8"
"59","59.09","10"
"59","59.09","27"
"59","59.09","34"
"59","59.09","41"
"59","59.10","2"
"59","59.10","3"
"59","59.10","5"
"59","59.10","8"
"59","59.10","10"
"59","59.10","27"
"59","59.10","34"
"59","59.10","41"
"60","60.01.01","2"
"60","60.01.01","5"
"60","60.01.01","8"
"60","60.01.01","10"
"60","60.01.01","41"
"60","60.01.02","2"
"60","60.01.02","10"
"60","60.01.02","20"
"60","60.01.02","41"
"60","60.01.02","43"
"60","60.01.03","2"
"60","60.01.03","3"
"60","60.01.03","8"
"60","60.01.03","10"
"60","60.01.03","41"
"60","60.02","5"
"60","60.02","41"
"60","60.02","43"
"60","60.03","2"
"60","60.03","5"
"60","60.03","8"
"60","60.03","10"
"60","60.03","41"
"60","60.04","2"
"60","60.04","10"
"60","60.04","41"
"60","60.04","43"
"60","60.05","2"
"60","60.05","5"
"60","60.05","10"
"60","60.05","41"
"60","60.05","43"
"60","60.06","2"
"60","60.06","5"
"60","60.06","41"
"60","60.06","43"
"60","60.06","44"
"60","60.07","2"
"60","60.07","5"
"60","60.07","8"
"60","60.07","41"
"60","60.08","2"
"60","60.08","5"
"60","60.08","8"
"60","60.08","10"
"60","60.08","41"
"60","60.08","43"
"60","60.09","2"
"60","60.09","3"
"60","60.09","5"
"60","60.09","8"
"60","60.09","10"
"60","60.09","41"
"60","60.10","2"
"60","60.10","5"
"60","60.10","8"
"60","60.10","10"
"60","60.10","41"
"60","60.10","43"
"60","60.11","2"
"60","60.11","5"
"60","60.11","6"
"60","60.11","8"
"60","60.11","10"
"60","60.11","41"
"60","60.12","2"
"60","60.12","5"
"60","60.12","41"
"60","60.13","2"
"60","60.13","5"
"60","60.13","10"
"60","60.13","41"
"60","60.14","2"
"60","60.14","5"
"60","60.14","41"
"60","60.15","2"
"60","60.15","3"
"60","60.15","5"
"60","60.15","8"
"60","60.15","41"
"60","60.16","2"
"60","60.16","5"
"60","60.16","10"
"60","60.16","41"
"60","60.17","2"
"60","60.17","3"
"60","60.17","5"
"60","60.17","8"
"60","60.17","10"
"60","60.17","41"
"60","60.18","2"
"60","60.18","5"
"60","60.18","8"
"60","60.18","10"
"60","60.18","41"
"60","60.18","43"
"60","60.19","2"
"60","60.19","5"
"60","60.19","8"
"60","60.19","10"
"60","60.19","41"
"60","60.20","5"
"60","60.20","41"
"60","60.20","43"
"60","60.21","2"
"60","60.21","5"
"60","60.21","8"
"60","60.21","10"
"60","60.21","41"
"60","60.21","43"
"60","60.22","2"
"60","60.22","5"
"60","60.22","41"
"60","60.23","2"
"60","60.23","5"
"60","60.23","41"
"60","60.24","2"
"60","60.24","3"
"60","60.24","5"
"60","60.24","8"
"60","60.24","41"
"60","60.25","2"
"60","60.25","5"
"60","60.25","8"
"60","60.25","10"
"60","60.25","41"
"60","60.26","2"
"60","60.26","5"
"60","60.26","8"
"60","60.26","10"
"60","60.26","41"
"60","60.27","5"
"60","60.27","8"
"60","60.27","10"
"60","60.27","41"
"60","60.28","2"
"60","60.28","5"
"60","60.28","8"
"60","60.28","41"
"60","60.29","2"
"60","60.29","41"
"61","61.01.01","2"
"61","61.01.01","3"
"61","61.01.01","5"
"61","61.01.01","8"
"61","61.01.01","41"
"61","61.01.01","42"
"61","61.01.02","2"
"61","61.01.02","5"
"61","61.01.02","41"
"61","61.02","2"
"61","61.02","5"
"61","61.02","41"
"61","61.03","2"
"61","61.03","5"
"61","61.03","41"
"61","61.04","8"
"61","61.04","41"
"61","61.04","42"
"61","61.04","43"
"61","61.04","44"
"61","61.05","2"
"61","61.05","5"
"61","61.05","8"
"61","61.05","41"
"61","61.06","2"
"61","61.06","3"
"61","61.06","41"
"61","61.06","42"
"61","61.07","41"
"61","61.07","42"
"61","61.07","43"
"61","61.08","2"
"61","61.08","41"
"61","61.09","2"
"61","61.09","8"
"61","61.09","41"
"61","61.10","2"
"61","61.10","5"
"61","61.10","8"
"61","61.10","41"
"61","61.11","2"
"61","61.11","5"
"61","61.11","39"
"61","61.11","41"
"61","61.11","42"
"61","61.12","2"
"61","61.12","5"
"61","61.12","8"
"61","61.12","41"
"61","61.13","2"
"61","61.13","5"
"61","61.13","8"
"61","61.13","41"
"61","61.14","2"
"61","61.14","5"
"61","61.14","8"
"61","61.14","41"
"61","61.15","2"
"61","61.15","3"
"61","61.15","5"
"61","61.15","8"
"61","61.15","41"
"61","61.16","3"
"61","61.16","41"
"61","61.16","42"
"62","62.01","2"
"62","62.01","5"
"62","62.01","8"
"62","62.01","41"
"62","62.02","2"
"62","62.02","8"
"62","62.02","41"
"62","62.03","2"
"62","62.03","41"
"62","62.04","5"
"62","62.04","8"
"62","62.04","41"
"62","62.05","2"
"62","62.05","3"
"62","62.05","41"
"62","62.06","2"
"62","62.06","8"
"62","62.06","41"
"62","62.07","2"
"62","62.07","5"
"62","62.07","8"
"62","62.07","41"
"62","62.08","2"
"62","62.08","5"
"62","62.08","8"
"62","62.08","41"
"62","62.09","2"
"62","62.09","5"
"62","62.09","8"
"62","62.09","41"
"62","62.10","2"
"62","62.10","8"
"62","62.10","41"
"62","62.10","42"
"62","62.11","2"
"62","62.11","5"
"62","62.11","8"
"62","62.11","41"
"62","62.12","2"
"62","62.12","5"
"62","62.12","8"
"62","62.12","41"
"62","62.13","2"
"62","62.13","41"
"62","62.13","42"
"62","62.14","2"
"62","62.14","5"
"62","62.14","8"
"62","62.14","41"
"62","62.15","2"
"62","62.15","3"
"62","62.15","5"
"62","62.15","8"
"62","62.15","41"
"62","62.16","2"
"62","62.16","5"
"62","62.16","8"
"62","62.16","41"
"62","62.17","2"
"62","62.17","8"
"62","62.17","41"
"62","62.18","2"
"62","62.18","5"
"62","62.18","8"
"62","62.18","41"
"62","62.19","2"
"62","62.19","5"
"62","62.19","8"
"62","62.19","10"
"62","62.19","41"
"62","62.20","41"
"62","62.20","42"
"62","62.21","2"
"62","62.21","8"
"62","62.21","41"
"62","62.22","41"
"62","62.22","42"
"62","62.22","43"
"62","62.23","2"
"62","62.23","3"
"62","62.23","8"
"62","62.23","41"
"63","63.01.01","2"
"63","63.01.01","8"
"63","63.01.01","41"
"63","63.01.02","2"
"63","63.01.02","5"
"63","63.01.02","41"
"63","63.01.02","42"
"63","63.02","2"
"63","63.02","41"
"63","63.03","2"
"63","63.03","3"
"63","63.03","5"
"63","63.03","41"
"63","63.04","2"
"63","63.04","5"
"63","63.04","41"
"63","63.04","42"
"63","63.05","2"
"63","63.05","3"
"63","63.05","5"
"63","63.05","8"
"63","63.05","41"
"63","63.06","2"
"63","63.06","5"
"63","63.06","41"
"63","63.06","42"
"63","63.07","2"
"63","63.07","41"
"63","63.08","2"
"63","63.08","5"
"63","63.08","41"
"63","63.09","27"
"63","63.09","41"
"63","63.09","42"
"63","63.10","2"
"63","63.10","5"
"63","63.10","41"
"63","63.11","2"
"63","63.11","5"
"63","63.11","41"
"63","63.12","2"
"63","63.12","3"
"63","63.12","5"
"63","63.12","8"
"63","63.12","41"
"63","63.13","2"
"63","63.13","5"
"63","63.13","41"
"63","63.13","42"
"63","63.14","2"
"63","63.14","41"
"63","63.14","42"
"63","63.15","2"
"63","63.15","41"
"63","63.15","42"
"63","63.16","2"
"63","63.16","5"
"63","63.16","8"
"63","63.16","41"
"64","64.01.01","2"
"64","64.01.01","5"
"64","64.01.01","8"
"64","64.01.01","10"
"64","64.01.01","20"
"64","64.01.01","41"
"64","64.01.02","2"
"64","64.01.02","3"
"64","64.01.02","5"
"64","64.01.02","8"
"64","64.01.02","10"
"64","64.01.02","20"
"64","64.01.02","41"
"64","64.01.03","2"
"64","64.01.03","3"
"64","64.01.03","5"
"64","64.01.03","10"
"64","64.01.03","20"
"64","64.01.03","41"
"64","64.01.04","2"
"64","64.01.04","3"
"64","64.01.04","5"
"64","64.01.04","10"
"64","64.01.04","20"
"64","64.01.04","41"
"64","64.02","2"
"64","64.02","5"
"64","64.02","20"
"64","64.02","41"
"64","64.03","2"
"64","64.03","5"
"64","64.03","20"
"64","64.03","41"
"64","64.04","2"
"64","64.04","5"
"64","64.04","20"
"64","64.04","41"
"64","64.05","5"
"64","64.05","10"
"64","64.05","41"
"64","64.06","2"
"64","64.06","20"
"64","64.06","41"
"64","64.07","2"
"64","64.07","5"
"64","64.07","20"
"64","64.07","41"
"64","64.08","2"
"64","64.08","3"
"64","64.08","5"
"64","64.08","41"
"64","64.09","2"
"64","64.09","5"
"64","64.09","20"
"64","64.09","41"
"64","64.10","2"
"64","64.10","5"
"64","64.10","20"
"64","64.10","41"
"64","64.11","2"
"64","64.11","5"
"64","64.11","20"
"64","64.11","41"
"64","64.12","2"
"64","64.12","5"
"64","64.12","20"
"64","64.12","41"
"64","64.13","2"
"64","64.13","5"
"64","64.13","10"
"64","64.13","20"
"64","64.13","41"
"64","64.14","2"
"64","64.14","3"
"64","64.14","5"
"64","64.14","20"
"64","64.14","41"
"64","64.15","2"
"64","64.15","3"
"64","64.15","5"
"64","64.15","8"
"64","64.15","20"
"64","64.15","41"
"65","65.01.01","2"
"65","65.01.01","5"
"65","65.01.01","8"
"65","65.01.01","31"
"65","65.01.01","41"
"65","65.01.02","2"
"65","65.01.02","5"
"65","65.01.02","41"
"65","65.02","2"
"65","65.02","5"
"65","65.02","41"
"65","65.03","2"
"65","65.03","5"
"65","65.03","41"
"65","65.04","2"
"65","65.04","5"
"65","65.04","10"
"65","65.04","31"
"65","65.04","41"
"65","65.04","42"
"65","65.05","2"
"65","65.05","5"
"65","65.05","31"
"65","65.05","41"
"65","65.06","2"
"65","65.06","5"
"65","65.06","8"
"65","65.06","10"
"65","65.06","41"
"65","65.07","2"
"65","65.07","8"
"65","65.07","31"
"65","65.07","41"
"65","65.08","2"
"65","65.08","3"
"65","65.08","5"
"65","65.08","31"
"65","65.08","41"
"65","65.08","42"
"65","65.09","2"
"65","65.09","31"
"65","65.09","41"
"65","65.10","2"
"65","65.10","41"
"65","65.11","2"
"65","65.11","5"
"65","65.11","31"
"65","65.11","41"
"65","65.12","2"
"65","65.12","5"
"65","65.12","41"
"65","65.13","2"
"65","65.13","5"
"65","65.13","41"
"65","65.14","2"
"65","65.14","31"
"65","65.14","41"
"65","65.14","42"
"65","65.15","2"
"65","65.15","5"
"65","65.15","41"
"65","65.16","2"
"65","65.16","5"
"65","65.16","31"
"65","65.16","41"
"65","65.17","5"
"65","65.17","41"
"65","65.18","5"
"65","65.18","41"
"65","65.18","42"
"65","65.19","31"
"65","65.19","41"
"65","65.19","42"
"65","65.20","2"
"65","65.20","5"
"65","65.20","41"
"65","65.21","2"
"65","65.21","5"
"65","65.21","8"
"65","65.21","41"
"66","66.01.01","2"
"66","66.01.01","5"
"66","66.01.01","41"
"66","66.01.02","2"
"66","66.01.02","5"
"66","66.01.02","9"
"66","66.01.02","20"
"66","66.01.02","41"
"66","66.02","2"
"66","66.02","5"
"66","66.02","41"
"66","66.03","2"
"66","66.03","5"
"66","66.03","8"
"66","66.03","9"
"66","66.03","10"
"66","66.03","41"
"66","66.04","2"
"66","66.04","5"
"66","66.04","41"
"66","66.05","2"
"66","66.05","5"
"66","66.05","41"
"66","66.06","2"
"66","66.06","3"
"66","66.06","5"
"66","66.06","8"
"66","66.06","20"
"66","66.06","41"
"66","66.07","2"
"66","66.07","5"
"66","66.07","41"
"66","66.08","2"
"66","66.08","5"
"66","66.08","41"
"66","66.09","2"
"66","66.09","5"
"66","66.09","20"
"66","66.09","41"
"66","66.09","42"
"66","66.10","2"
"66","66.10","5"
"66","66.10","41"
"66","66.11","2"
"66","66.11","5"
"66","66.11","8"
"66","66.11","41"
"66","66.12","2"
"66","66.12","5"
"66","66.12","41"
"66","66.13","2"
"66","66.13","5"
"66","66.13","41"
"66","66.14","2"
"66","66.14","5"
"66","66.14","41"
"66","66.15","2"
"66","66.15","5"
"66","66.15","41"
"66","66.16","2"
"66","66.16","5"
"66","66.16","8"
"66","66.16","41"
"66","66.17","2"
"66","66.17","41"
"66","66.17","42"
"66","66.18","2"
"66","66.18","5"
"66","66.18","39"
"66","66.18","41"
"66","66.19","2"
"66","66.19","5"
"66","66.19","41"
"66","66.20","2"
"66","66.20","3"
"66","66.20","5"
"66","66.20","8"
"66","66.20","20"
"66","66.20","41"
"66","66.21","2"
"66","66.21","5"
"66","66.21","20"
"66","66.21","41"
"66","66.21","42"
"67","67.01.01","2"
"67","67.01.01","5"
"67","67.01.01","20"
"67","67.01.01","28"
"67","67.01.01","41"
"67","67.01.01","43"
"67","67.01.02","2"
"67","67.01.02","5"
"67","67.01.02","41"
"67","67.01.03","2"
"67","67.01.03","5"
"67","67.01.03","41"
"67","67.01.04","2"
"67","67.01.04","5"
"67","67.01.04","41"
"67","67.01.05","2"
"67","67.01.05","5"
"67","67.01.05","10"
"67","67.01.05","41"
"67","67.02","2"
"67","67.02","3"
"67","67.02","5"
"67","67.02","8"
"67","67.02","41"
"67","67.03","2"
"67","67.03","5"
"67","67.03","41"
"67","67.04","2"
"67","67.04","5"
"67","67.04","41"
"67","67.05","2"
"67","67.05","3"
"67","67.05","5"
"67","67.05","41"
"67","67.06","2"
"67","67.06","5"
"67","67.06","41"
"67","67.07","2"
"67","67.07","5"
"67","67.07","41"
"67","67.08","2"
"67","67.08","5"
"67","67.08","10"
"67","67.08","41"
"67","67.09","2"
"67","67.09","3"
"67","67.09","5"
"67","67.09","41"
"67","67.10","2"
"67","67.10","3"
"67","67.10","5"
"67","67.10","41"
"67","67.11","2"
"67","67.11","3"
"67","67.11","5"
"67","67.11","41"
"67","67.12","2"
"67","67.12","5"
"67","67.12","8"
"67","67.12","41"
"67","67.13","2"
"67","67.13","3"
"67","67.13","5"
"67","67.13","41"
"67","67.14","2"
"67","67.14","3"
"67","67.14","5"
"67","67.14","41"
"67","67.15","2"
"67","67.15","5"
"67","67.15","20"
"67","67.15","41"
"67","67.15","43"
"67","67.16","2"
"67","67.16","5"
"67","67.16","8"
"67","67.16","28"
"67","67.16","41"
"67","67.17","2"
"67","67.17","3"
"67","67.17","5"
"67","67.17","41"
"67","67.18","2"
"67","67.18","5"
"67","67.18","41"
"67","67.19","2"
"67","67.19","5"
"67","67.19","41"
"67","67.20","2"
"67","67.20","3"
"67","67.20","5"
"67","67.20","41"
"67","67.21","2"
"67","67.21","5"
"67","67.21","41"
"67","67.22","2"
"67","67.22","5"
"67","67.22","41"
"67","67.23","2"
"67","67.23","5"
"67","67.23","41"
"67","67.24","2"
"67","67.24","3"
"67","67.24","5"
"67","67.24","41"
"67","67.25","2"
"67","67.25","3"
"67","67.25","5"
"67","67.25","41"
"67","67.26","2"
"67","67.26","5"
"67","67.26","41"
"67","67.27","2"
"67","67.27","3"
"67","67.27","5"
"67","67.27","41"
"67","67.28","2"
"67","67.28","5"
"67","67.28","41"
"67","67.28","43"
"67","67.29","2"
"67","67.29","5"
"67","67.29","41"
"67","67.30","2"
"67","67.30","5"
"67","67.30","41"
"67","67.31","2"
"67","67.31","5"
"67","67.31","41"
"68","68.01.01","2"
"68","68.01.01","5"
"68","68.01.01","41"
"68","68.01.02","2"
"68","68.01.02","3"
"68","68.01.02","5"
"68","68.01.02","10"
"68","68.01.02","41"
"68","68.02","2"
"68","68.02","41"
"68","68.03","2"
"68","68.03","5"
"68","68.03","41"
"68","68.04","2"
"68","68.04","5"
"68","68.04","41"
"68","68.05","2"
"68","68.05","41"
"68","68.06","2"
"68","68.06","3"
"68","68.06","5"
"68","68.06","41"
"68","68.07","2"
"68","68.07","5"
"68","68.07","41"
"68","68.08","2"
"68","68.08","5"
"68","68.08","41"
"68","68.09","2"
"68","68.09","5"
"68","68.09","41"
"68","68.10","2"
"68","68.10","5"
"68","68.10","41"
"68","68.11","2"
"68","68.11","5"
"68","68.11","41"
"68","68.12","2"
"68","68.12","5"
"68","68.12","41"
"68","68.12","42"
"68","68.13","2"
"68","68.13","5"
"68","68.13","41"
"68","68.14","2"
"68","68.14","5"
"68","68.14","41"
"69","69.01","2"
"69","69.01","5"
"69","69.01","20"
"69","69.01","41"
"69","69.02","2"
"69","69.02","20"
"69","69.02","41"
"69","69.03","2"
"69","69.03","20"
"69","69.03","41"
"69","69.04","2"
"69","69.04","5"
"69","69.04","41"
"69","69.05","2"
"69","69.05","5"
"69","69.05","41"
"69","69.06","2"
"69","69.06","3"
"69","69.06","5"
"69","69.06","41"
"69","69.07","2"
"69","69.07","5"
"69","69.07","20"
"69","69.07","41"
"69","69.08","2"
"69","69.08","3"
"69","69.08","5"
"69","69.08","8"
"69","69.08","41"
"69","69.09","2"
"69","69.09","41"
"69","69.10","2"
"69","69.10","5"
"69","69.10","41"
"69","69.11","2"
"69","69.11","5"
"69","69.11","20"
"69","69.11","41"
"69","69.12","2"
"69","69.12","5"
"69","69.12","20"
"69","69.12","41"
"69","69.13","2"
"69","69.13","5"
"69","69.13","20"
"69","69.13","41"
"70","70.01","2"
"70","70.01","3"
"70","70.01","5"
"70","70.01","8"
"70","70.01","20"
"70","70.01","41"
"70","70.02","2"
"70","70.02","5"
"70","70.02","8"
"70","70.02","20"
"70","70.02","41"
"70","70.03","2"
"70","70.03","3"
"70","70.03","5"
"70","70.03","8"
"70","70.03","20"
"70","70.03","41"
"70","70.04","2"
"70","70.04","3"
"70","70.04","5"
"70","70.04","8"
"70","70.04","41"
"70","70.05","2"
"70","70.05","3"
"70","70.05","5"
"70","70.05","20"
"70","70.05","41"
"70","70.06","2"
"70","70.06","3"
"70","70.06","5"
"70","70.06","8"
"70","70.06","41"
"70","70.07","2"
"70","70.07","3"
"70","70.07","5"
"70","70.07","41"
"70","70.08","2"
"70","70.08","5"
"70","70.08","8"
"70","70.08","20"
"70","70.08","41"
"70","70.09","2"
"70","70.09","5"
"70","70.09","20"
"70","70.09","41"
"70","70.09","42"
"70","70.10","2"
"70","70.10","3"
"70","70.10","5"
"70","70.10","8"
"70","70.10","20"
"70","70.10","41"
"79","79.01","2"
"79","79.01","3"
"79","79.01","5"
"79","79.01","8"
"79","79.01","41"
"79","79.02","2"
"79","79.02","5"
"79","79.02","8"
"79","79.02","41"
"79","79.03","2"
"79","79.03","3"
"79","79.03","5"
"79","79.03","8"
"79","79.03","41"
"79","79.04","2"
"79","79.04","3"
"79","79.04","5"
"79","79.04","8"
"79","79.04","41"
"79","79.05","2"
"79","79.05","5"
"79","79.05","8"
"79","79.05","41"
"79","79.06","2"
"79","79.06","5"
"79","79.06","8"
"79","79.06","41"
"79","79.07","2"
"79","79.07","5"
"79","79.07","8"
"79","79.07","41"
"79","79.07","42"
"79","79.08","2"
"79","79.08","3"
"79","79.08","5"
"79","79.08","8"
"79","79.08","41"
"79","79.09","2"
"79","79.09","3"
"79","79.09","5"
"79","79.09","8"
"79","79.09","41"
"79","79.09","42"
"79","79.10","2"
"79","79.10","5"
"79","79.10","8"
"79","79.10","41"
"79","79.10","42"
"80","80.01","2"
"80","80.01","3"
"80","80.01","5"
"80","80.01","8"
"80","80.01","41"
"80","80.01","42"
"80","80.02","2"
"80","80.02","5"
"80","80.02","8"
"80","80.02","41"
"80","80.03","2"
"80","80.03","5"
"80","80.03","8"
"80","80.03","41"
"80","80.04","2"
"80","80.04","5"
"80","80.04","8"
"80","80.04","41"
"80","80.04","42"
"80","80.04","43"
"80","80.05","2"
"80","80.05","5"
"80","80.05","8"
"80","80.05","41"
"80","80.05","42"
"80","80.06","2"
"80","80.06","5"
"80","80.06","8"
"80","80.06","41"
"80","80.07","2"
"80","80.07","5"
"80","80.07","8"
"80","80.07","41"
"80","80.08","2"
"80","80.08","5"
"80","80.08","8"
"80","80.08","41"
"80","80.09","2"
"80","80.09","5"
"80","80.09","8"
"80","80.09","41"
"81","81.01.01","2"
"81","81.01.01","3"
"81","81.01.01","5"
"81","81.01.01","8"
"81","81.01.01","41"
"81","81.01.02","2"
"81","81.01.02","3"
"81","81.01.02","5"
"81","81.01.02","6"
"81","81.01.02","8"
"81","81.01.02","41"
"81","81.01.03","2"
"81","81.01.03","3"
"81","81.01.03","5"
"81","81.01.03","8"
"81","81.01.03","41"
"81","81.02","2"
"81","81.02","5"
"81","81.02","8"
"81","81.02","41"
"81","81.03","2"
"81","81.03","3"
"81","81.03","5"
"81","81.03","8"
"81","81.03","41"
"81","81.04","2"
"81","81.04","3"
"81","81.04","5"
"81","81.04","8"
"81","81.04","41"
"81","81.05","2"
"81","81.05","5"
"81","81.05","8"
"81","81.05","41"
"81","81.06","2"
"81","81.06","3"
"81","81.06","5"
"81","81.06","8"
"81","81.06","41"
"81","81.07","2"
"81","81.07","5"
"81","81.07","8"
"81","81.07","41"
"81","81.08","2"
"81","81.08","3"
"81","81.08","5"
"81","81.08","8"
"81","81.08","41"
"81","81.09","2"
"81","81.09","3"
"81","81.09","5"
"81","81.09","8"
"81","81.09","41"
"81","81.10","2"
"81","81.10","3"
"81","81.10","5"
"81","81.10","8"
"81","81.10","41"
"81","81.11","2"
"81","81.11","3"
"81","81.11","5"
"81","81.11","8"
"81","81.11","41"
"81","81.12","2"
"81","81.12","3"
"81","81.12","5"
"81","81.12","8"
"81","81.12","41"
"81","81.13","2"
"81","81.13","5"
"81","81.13","8"
"81","81.13","41"
"81","81.14","2"
"81","81.14","3"
"81","81.14","5"
"81","81.14","8"
"81","81.14","41"
"81","81.15","2"
"81","81.15","5"
"81","81.15","8"
"81","81.15","41"
"81","81.16","2"
"81","81.16","5"
"81","81.16","8"
"81","81.16","41"
"81","81.17","2"
"81","81.17","3"
"81","81.17","5"
"81","81.17","6"
"81","81.17","8"
"81","81.17","41"
"81","81.18","2"
"81","81.18","5"
"81","81.18","8"
"81","81.18","41"
"81","81.19","2"
"81","81.19","5"
"81","81.19","8"
"81","81.19","41"
"81","81.20","2"
"81","81.20","3"
"81","81.20","5"
"81","81.20","6"
"81","81.20","8"
"81","81.20","41"
"82","82.01","2"
"82","82.01","3"
"82","82.01","5"
"82","82.01","8"
"82","82.01","17"
"82","82.01","41"
"82","82.01","42"
"82","82.02","2"
"82","82.02","3"
"82","82.02","5"
"82","82.02","8"
"82","82.02","17"
"82","82.02","41"
"82","82.03","2"
"82","82.03","5"
"82","82.03","8"
"82","82.03","17"
"82","82.03","41"
"82","82.04","2"
"82","82.04","5"
"82","82.04","8"
"82","82.04","17"
"82","82.04","41"
"82","82.04","42"
"82","82.05","2"
"82","82.05","5"
"82","82.05","8"
"82","82.05","17"
"82","82.05","41"
"82","82.06","2"
"82","82.06","5"
"82","82.06","8"
"82","82.06","17"
"82","82.06","41"
"82","82.07","2"
"82","82.07","5"
"82","82.07","8"
"82","82.07","41"
"82","82.08","2"
"82","82.08","5"
"82","82.08","8"
"82","82.08","17"
"82","82.08","41"
"82","82.09","2"
"82","82.09","5"
"82","82.09","8"
"82","82.09","17"
"82","82.09","20"
"82","82.09","41"
"82","82.09","42"
"83","83.02","2"
"83","83.02","3"
"83","83.02","5"
"83","83.02","8"
"83","83.02","10"
"83","83.02","20"
"83","83.02","41"
"83","83.03","2"
"83","83.03","3"
"83","83.03","5"
"83","83.03","8"
"83","83.03","10"
"83","83.03","41"
"83","83.04","2"
"83","83.04","3"
"83","83.04","5"
"83","83.04","8"
"83","83.04","10"
"83","83.04","41"
"83","83.05","2"
"83","83.05","3"
"83","83.05","5"
"83","83.05","8"
"83","83.05","10"
"83","83.05","41"
"83","83.06","2"
"83","83.06","3"
"83","83.06","5"
"83","83.06","8"
"83","83.06","10"
"83","83.06","20"
"83","83.06","41"
"83","83.08","2"
"83","83.08","3"
"83","83.08","5"
"83","83.08","8"
"83","83.08","10"
"83","83.08","20"
"83","83.08","41"
"83","83.09","2"
"83","83.09","3"
"83","83.09","5"
"83","83.09","8"
"83","83.09","10"
"83","83.09","41"
"83","83.10","2"
"83","83.10","3"
"83","83.10","5"
"83","83.10","8"
"83","83.10","10"
"83","83.10","41"
"83","83.11","2"
"83","83.11","5"
"83","83.11","10"
"83","83.11","41"
"83","83.12","2"
"83","83.12","3"
"83","83.12","5"
"83","83.12","8"
"83","83.12","10"
"83","83.12","41"
"83","83.13","2"
"83","83.13","5"
"83","83.13","8"
"83","83.13","10"
"83","83.13","41"
"84","84.01","2"
"84","84.01","5"
"84","84.01","8"
"84","84.01","41"
"84","84.01","42"
"84","84.02","2"
"84","84.02","5"
"84","84.02","8"
"84","84.02","41"
"84","84.03","2"
"84","84.03","5"
"84","84.03","8"
"84","84.03","20"
"84","84.03","41"
"84","84.04","2"
"84","84.04","5"
"84","84.04","8"
"84","84.04","41"
"84","84.05","2"
"84","84.05","5"
"84","84.05","8"
"84","84.05","20"
"84","84.05","41"
"84","84.05","42"
"84","84.05","44"
"84","84.05","45"
"84","84.06","2"
"84","84.06","5"
"84","84.06","8"
"84","84.06","41"
"84","84.07","2"
"84","84.07","5"
"84","84.07","8"
"84","84.07","41"
"84","84.07","42"
"84","84.08","2"
"84","84.08","5"
"84","84.08","8"
"84","84.08","41"
"84","84.09","2"
"84","84.09","5"
"84","84.09","41"
"84","84.10","2"
"84","84.10","5"
"84","84.10","8"
"84","84.10","20"
"84","84.10","41"
"84","84.11","2"
"84","84.11","8"
"84","84.11","41"
"84","84.12","2"
"84","84.12","3"
"84","84.12","5"
"84","84.12","41"
"84","84.13","2"
"84","84.13","5"
"84","84.13","8"
"84","84.13","41"
